{"stats":{"minecraft:broken":{"minecraft:stone_pickaxe":1},"minecraft:custom":{"minecraft:mob_kills":77,"minecraft:interact_with_crafting_table":18,"minecraft:open_barrel":9,"minecraft:leave_game":1,"minecraft:time_since_death":30506,"minecraft:climb_one_cm":55566,"minecraft:sprint_one_cm":970203,"minecraft:walk_one_cm":1086009,"minecraft:drop":147,"minecraft:play_noteblock":1,"minecraft:talked_to_villager":5,"minecraft:play_time":189467,"minecraft:deaths":7,"minecraft:sneak_time":12858,"minecraft:walk_under_water_one_cm":18742,"minecraft:interact_with_blast_furnace":2,"minecraft:jump":2141,"minecraft:walk_on_water_one_cm":22184,"minecraft:total_world_time":189467,"minecraft:interact_with_furnace":2,"minecraft:interact_with_cartography_table":1,"minecraft:tune_noteblock":76,"minecraft:interact_with_stonecutter":1,"minecraft:sleep_in_bed":9,"minecraft:time_since_rest":26137,"minecraft:waystone_activated":2,"minecraft:damage_taken":3679,"minecraft:damage_dealt":13161,"minecraft:swim_one_cm":29030,"minecraft:fly_one_cm":901294,"minecraft:open_chest":54,"minecraft:crouch_one_cm":66997,"minecraft:interact_with_smoker":4,"minecraft:fall_one_cm":31877,"minecraft:inspect_dispenser":4},"minecraft:crafted":{"minecraft:oak_planks":8,"simplyswords:iron_katana":1,"minecraft:chest":1,"minecraft:spruce_boat":1,"minecraft:gray_bed":3,"minecraft:wheat":306,"minecraft:crafting_table":5,"minecraft:spruce_planks":20,"minecraft:birch_planks":12,"minecraft:bread":143,"minecraft:oak_boat":1,"regions_unexplored:redwood_planks":128,"minecraft:stick":12,"minecraft:iron_pickaxe":1,"minecraft:acacia_planks":40,"minecraft:torch":36},"minecraft:killed":{"minecraft:spider":2,"minecraft:skeleton":31,"minecraft:pig":2,"naturalist:snake":1,"minecraft:frog":5,"minecraft:sheep":8,"minecraft:zombie":20,"alexsmobs:terrapin":1,"minecraft:mooshroom":1,"naturalist:sparrow":1,"minecraft:cow":5},"minecraft:dropped":{"minecraft:birch_planks":12,"minecraft:stripped_mangrove_wood":1,"minecraft:dark_oak_sapling":2,"minecraft:iron_helmet":1,"minecraft:book":1,"minecraft:leather":5,"regions_unexplored:redwood_sapling":3,"minecraft:spruce_stairs":2,"minecraft:stick":3,"paraglider:spirit_orb":2,"simplyswords:gold_claymore":1,"minecraft:gray_concrete":6,"minecraft:gray_wool":4,"minecraft:birch_fence":1,"minecraft:dark_oak_log":1,"minecraft:iron_trapdoor":1,"minecraft:dark_oak_fence":1,"minecraft:wooden_axe":2,"minecraft:iron_leggings":1,"minecraft:polished_andesite_stairs":1,"regions_unexplored:blackwood_planks":9,"minecraft:pumpkin":2,"minecraft:iron_axe":1,"simplyswords:gold_chakram":1,"minecraft:iron_shovel":1,"minecraft:redstone_block":1,"minecraft:string":4,"minecraft:tripwire_hook":1,"minecraft:dark_oak_planks":1,"minecraft:white_wool":5,"minecraft:bone":2,"minecraft:stone_brick_slab":3,"minecraft:dandelion":1,"minecraft:gold_ingot":2,"minecraft:sweet_berries":8,"minecraft:chiseled_quartz_block":7,"minecraft:bowl":1,"minecraft:wheat":4,"minecraft:rotten_flesh":4,"regions_unexplored:clover":62,"minecraft:light_gray_wool":1,"minecraft:iron_boots":1,"aether:leather_gloves":2,"regions_unexplored:redwood_planks":17,"minecraft:carrot":3,"minecraft:lily_of_the_valley":1,"minecraft:poppy":1,"minecraft:potato":1,"regions_unexplored:peat_dirt":37,"minecraft:birch_trapdoor":1,"minecraft:spruce_planks":8,"minecraft:beetroot_seeds":8,"regions_unexplored:blackwood_sapling":1,"minecraft:ladder":3,"minecraft:wooden_pickaxe":1,"minecraft:calcite":5,"minecraft:magma_block":1,"epicfight:skillbook":1},"minecraft:picked_up":{"minecraft:wooden_axe":1,"minecraft:charcoal":8,"minecraft:iron_chestplate":1,"minecraft:wheat":129,"minecraft:iron_trapdoor":1,"minecraft:redstone_block":1,"minecraft:ladder":5,"minecraft:turtle_helmet":1,"minecraft:redstone_lamp":1,"minecraft:brown_bed":2,"minecraft:potion":1,"minecraft:shield":1,"aether:leather_gloves":1,"minecraft:string":8,"minecraft:iron_leggings":2,"minecraft:iron_shovel":2,"minecraft:birch_fence":1,"comforts:sleeping_bag_white":4,"minecraft:spruce_planks":18,"minecraft:beef":13,"minecraft:oak_boat":1,"minecraft:calcite":5,"minecraft:observer":1,"minecraft:light_gray_wool":2,"minecraft:poppy":1,"minecraft:smooth_quartz":12,"minecraft:spruce_slab":4,"regions_unexplored:redwood_planks":2,"minecraft:stripped_mangrove_wood":1,"minecraft:iron_boots":2,"regions_unexplored:redwood_log":32,"minecraft:stick":3,"regions_unexplored:blackwood_planks":16,"minecraft:dark_oak_sapling":2,"minecraft:birch_trapdoor":1,"minecraft:torch":5,"minecraft:spruce_stairs":2,"epicfight:skillbook":1,"minecraft:porkchop":5,"minecraft:redstone":2,"minecraft:dark_oak_planks":3,"minecraft:arrow":48,"minecraft:stone_sword":1,"minecraft:rotten_flesh":4,"simplyswords:diamond_halberd":1,"minecraft:beetroot_seeds":8,"minecraft:stripped_dark_oak_wood":1,"minecraft:hay_block":34,"minecraft:gold_ingot":2,"minecraft:white_wool":5,"minecraft:mutton":12,"minecraft:cobblestone":10,"minecraft:birch_log":3,"regions_unexplored:peat_dirt":73,"minecraft:magma_block":1,"minecraft:tripwire_hook":3,"minecraft:water_bucket":1,"minecraft:andesite":3,"minecraft:leather":5,"minecraft:chiseled_quartz_block":9,"minecraft:acacia_wood":10,"minecraft:potato":15,"simplyswords:gold_chakram":1,"paraglider:spirit_orb":6,"minecraft:oak_log":2,"minecraft:gray_concrete":8,"minecraft:dirt":12,"minecraft:cooked_mutton":1,"minecraft:bone":48,"regions_unexplored:redwood_sapling":3,"minecraft:stone_pickaxe":1,"minecraft:polished_andesite_stairs":1,"minecraft:pumpkin":2,"minecraft:sweet_berries":8,"patchouli:guide_book":1,"minecraft:stone_brick_slab":7,"minecraft:dandelion":1,"minecraft:sand":36,"minecraft:spruce_log":3,"minecraft:lily_of_the_valley":1,"minecraft:mossy_cobblestone":6,"travelersbackpack:standard":1,"minecraft:soul_lantern":8,"regions_unexplored:blackwood_sapling":1,"minecraft:iron_helmet":2,"regions_unexplored:clover":62,"minecraft:golden_apple":1,"minecraft:gray_wool":19,"minecraft:dark_oak_fence":1,"minecraft:coal":20},"minecraft:killed_by":{"epicsamurai:jorogumo":1,"minecraft:creeper":2,"minecraft:spider":1,"minecraft:skeleton":3},"minecraft:mined":{"minecraft:dark_oak_planks":1,"realmrpg_skeletons:waterdrop_skeleton":1,"minecraft:spruce_planks":9,"minecraft:mossy_cobblestone":6,"minecraft:cobblestone_stairs":2,"minecraft:ladder":2,"minecraft:dark_oak_fence":1,"minecraft:grass_block":8,"minecraft:spruce_leaves":1,"minecraft:spawner":2,"minecraft:large_fern":1,"minecraft:hay_block":34,"minecraft:black_stained_glass_pane":3,"minecraft:magma_block":5,"minecraft:dark_oak_trapdoor":4,"minecraft:acacia_wood":11,"minecraft:andesite":3,"regions_unexplored:redwood_planks":2,"minecraft:stripped_dark_oak_wood":2,"minecraft:brown_bed":2,"minecraft:potatoes":8,"minecraft:light_gray_concrete":4,"minecraft:stripped_mangrove_wood":2,"regions_unexplored:medium_grass":11,"regions_unexplored:redwood_log":35,"regions_unexplored:small_oak_log":1,"minecraft:stone":1,"minecraft:redstone_wall_torch":1,"minecraft:spruce_slab":6,"minecraft:tripwire":3,"minecraft:gray_concrete":5,"minecraft:redstone_block":1,"minecraft:lily_of_the_valley":1,"minecraft:observer":1,"minecraft:stone_brick_slab":2,"minecraft:soul_lantern":9,"minecraft:chiseled_quartz_block":9,"minecraft:calcite":2,"regions_unexplored:peat_grass_block":43,"minecraft:polished_andesite_stairs":1,"minecraft:nether_brick_slab":1,"minecraft:campfire":4,"minecraft:cobblestone":9,"minecraft:glass":6,"minecraft:tall_grass":2,"minecraft:diorite":1,"minecraft:wall_torch":5,"minecraft:spruce_stairs":2,"minecraft:gray_wool":14,"minecraft:birch_log":3,"minecraft:light_gray_stained_glass":1,"minecraft:birch_trapdoor":1,"minecraft:spruce_log":3,"regions_unexplored:redwood_leaves":84,"minecraft:yellow_stained_glass_pane":6,"minecraft:oak_log":2,"minecraft:beetroots":9,"minecraft:dirt":3,"regions_unexplored:peat_dirt":41,"minecraft:sand":39,"minecraft:smooth_quartz":16,"regions_unexplored:clover":14,"minecraft:tripwire_hook":4,"minecraft:polished_andesite":3,"minecraft:iron_trapdoor":1,"minecraft:cyan_candle":1,"minecraft:fern":2,"minecraft:birch_fence":1,"minecraft:redstone_lamp":1},"minecraft:used":{"minecraft:stone_sword":89,"minecraft:iron_shovel":154,"minecraft:ladder":1,"minecraft:chest":1,"minecraft:spruce_planks":15,"minecraft:stone":20,"simpletomb:grave_key":6,"minecraft:torch":25,"minecraft:dirt":6,"minecraft:spruce_boat":1,"minecraft:dark_oak_planks":1,"minecraft:stone_brick_slab":2,"minecraft:wooden_axe":12,"minecraft:iron_axe":103,"minecraft:smooth_quartz":12,"minecraft:sweet_berries":13,"minecraft:gray_bed":3,"minecraft:acacia_planks":7,"comforts:sleeping_bag_white":3,"minecraft:observer":1,"minecraft:potato":5,"minecraft:brown_bed":2,"epicfight:skillbook":2,"minecraft:stone_pickaxe":59,"minecraft:oak_planks":5,"regions_unexplored:peat_dirt":36,"minecraft:wooden_pickaxe":37,"minecraft:chainmail_helmet":1,"simplyswords:diamond_halberd":158,"minecraft:leather_boots":1,"minecraft:golden_apple":1,"regions_unexplored:redwood_planks":77,"minecraft:crafting_table":5,"minecraft:chiseled_quartz_block":2,"minecraft:gray_concrete":2,"minecraft:cake":2,"minecraft:bread":46,"minecraft:iron_pickaxe":19,"minecraft:suspicious_stew":1,"regions_unexplored:blackwood_planks":1,"minecraft:cobblestone":9,"travelersbackpack:standard":7,"minecraft:andesite":3,"minecraft:pumpkin_pie":6,"minecraft:oak_boat":1,"minecraft:chainmail_leggings":1}},"DataVersion":3465}