{"stats":{"minecraft:killed":{"minecraft:cave_spider":7,"minecraft:spider":24,"naturalist:snail":1,"minecraft:skeleton":138,"minecraft:chicken":5,"minecraft:silverfish":1,"spawn:ant":1,"minecraft:tropical_fish":2,"minecraft:pig":6,"alexsmobs:grizzly_bear":1,"minecraft:zombie_villager":7,"naturalist:snake":1,"minecraft:creeper":9,"minecraft:sheep":16,"minecraft:pillager":11,"minecraft:zombie":81,"alexsmobs:terrapin":1,"minecraft:mooshroom":1,"minecraft:cow":30,"minecraft:vex":3,"minecraft:vindicator":2,"minecraft:horse":3,"alexsmobs:blue_jay":1,"epicsamurai:tanuki":1,"alexsmobs:bison":2,"minecraft:drowned":3,"minecraft:husk":132,"naturalist:butterfly":2,"creeperoverhaul:spruce_creeper":1,"minecraft:frog":15,"minecraft:squid":1,"alexsmobs:catfish":1,"alexsmobs:crocodile":1,"alexsmobs:crow":1,"minecraft:player":4,"naturalist:sparrow":1},"minecraft:broken":{"minecraft:iron_boots":2,"minecraft:iron_chestplate":1,"minecraft:stone_pickaxe":1,"minecraft:wooden_sword":1,"minecraft:wooden_pickaxe":1,"minecraft:iron_helmet":1},"minecraft:mined":{"minecraft:dark_oak_planks":7,"minecraft:red_nether_brick_slab":1,"valhelsia_structures:light_gray_sleeping_bag":1,"minecraft:spruce_planks":9,"minecraft:white_bed":2,"minecraft:sculk_vein":13,"minecraft:cobblestone_stairs":3,"minecraft:red_nether_bricks":14,"minecraft:grass_block":16,"minecraft:yellow_carpet":1,"minecraft:brown_wool":1,"valhelsia_structures:gray_sleeping_bag":5,"minecraft:light_gray_bed":1,"travelersbackpack:iron":1,"minecraft:spawner":26,"minecraft:magma_block":7,"minecraft:dark_oak_trapdoor":4,"minecraft:fire":2,"minecraft:barrel":3,"regions_unexplored:redwood_planks":2,"minecraft:anvil":2,"minecraft:stripped_dark_oak_wood":2,"minecraft:brown_bed":2,"minecraft:dark_oak_stairs":1,"regions_unexplored:pine_leaves":1,"minecraft:red_tulip":1,"minecraft:flowering_azalea_leaves":1,"minecraft:iron_bars":2,"minecraft:light_gray_concrete":4,"minecraft:stripped_mangrove_wood":50,"regions_unexplored:larch_log":5,"minecraft:player_head":3,"minecraft:spruce_slab":6,"minecraft:tripwire":7,"valhelsia_structures:big_purple_glazed_jar":1,"minecraft:deepslate_redstone_ore":1,"valhelsia_structures:explorers_tent":2,"minecraft:polished_deepslate_stairs":1,"minecraft:soul_lantern":9,"minecraft:chiseled_quartz_block":9,"minecraft:torch":5,"minecraft:blast_furnace":2,"minecraft:polished_andesite_stairs":1,"regions_unexplored:peat_grass_block":47,"minecraft:calcite":27,"minecraft:chest":1,"minecraft:nether_brick_slab":1,"minecraft:smooth_quartz_slab":1,"minecraft:glass":7,"minecraft:cobblestone":10,"minecraft:oak_planks":3,"minecraft:cyan_bed":6,"minecraft:wall_torch":6,"regions_unexplored:pine_log":1,"minecraft:cyan_wool":3,"valhelsia_structures:bone_pile":1,"minecraft:dark_oak_slab":7,"realmrpg_skeletons:webbed_skeleton":1,"minecraft:light_gray_stained_glass":3,"minecraft:birch_log":3,"minecraft:wheat":4,"minecraft:birch_trapdoor":1,"minecraft:lilac":1,"minecraft:wither_rose":1,"minecraft:yellow_stained_glass_pane":6,"minecraft:grass":5,"minecraft:oak_log":2,"minecraft:beetroots":9,"regions_unexplored:peat_dirt":41,"minecraft:dirt":14,"minecraft:smooth_quartz":18,"minecraft:sand":73,"regions_unexplored:clover":15,"minecraft:tripwire_hook":7,"minecraft:dispenser":1,"minecraft:cyan_candle":1,"minecraft:oak_leaves":4,"minecraft:deepslate":28,"minecraft:redstone_lamp":1,"realmrpg_skeletons:waterdrop_skeleton":1,"minecraft:dark_prismarine":5,"minecraft:tuff":1,"minecraft:mossy_cobblestone":6,"minecraft:deepslate_diamond_ore":1,"minecraft:dark_oak_fence":1,"minecraft:ladder":4,"minecraft:spruce_fence":1,"minecraft:jungle_planks":2,"minecraft:white_stained_glass":2,"minecraft:spruce_leaves":5,"minecraft:red_mushroom":3,"minecraft:large_fern":1,"minecraft:hay_block":41,"minecraft:black_stained_glass_pane":6,"minecraft:carrots":4,"minecraft:acacia_wood":11,"minecraft:andesite":3,"minecraft:polished_deepslate":3,"minecraft:deepslate_iron_ore":2,"minecraft:bookshelf":1,"minecraft:potatoes":9,"minecraft:vine":9,"minecraft:smooth_quartz_stairs":2,"regions_unexplored:medium_grass":19,"minecraft:stone":72,"regions_unexplored:small_oak_log":1,"regions_unexplored:redwood_log":35,"minecraft:redstone_wall_torch":1,"minecraft:podzol":11,"minecraft:smithing_table":1,"minecraft:redstone_block":1,"minecraft:flowering_azalea":1,"minecraft:gray_concrete":5,"minecraft:infested_stone_bricks":1,"minecraft:lily_of_the_valley":1,"minecraft:stone_brick_slab":3,"minecraft:observer":1,"minecraft:red_banner":1,"minecraft:oak_fence":2,"minecraft:cornflower":1,"minecraft:rose_bush":2,"minecraft:lime_carpet":1,"minecraft:campfire":4,"minecraft:tall_grass":4,"minecraft:sculk":2,"minecraft:diorite":3,"minecraft:spruce_stairs":3,"minecraft:gray_wool":14,"minecraft:sweet_berry_bush":1,"minecraft:black_wall_banner":2,"minecraft:spruce_log":18,"minecraft:gray_bed":2,"minecraft:birch_leaves":2,"regions_unexplored:redwood_leaves":84,"minecraft:mangrove_slab":10,"minecraft:coal_ore":3,"minecraft:end_rod":1,"minecraft:cyan_carpet":4,"minecraft:gray_carpet":1,"minecraft:cobweb":14,"minecraft:cracked_stone_bricks":4,"regions_unexplored:blackwood_leaves":36,"minecraft:polished_andesite":3,"minecraft:spruce_fence_gate":1,"minecraft:stone_bricks":19,"minecraft:mossy_stone_bricks":4,"minecraft:iron_trapdoor":2,"minecraft:birch_fence":1,"minecraft:fern":3},"minecraft:picked_up":{"minecraft:wooden_axe":1,"minecraft:iron_chestplate":2,"minecraft:birch_door":3,"minecraft:wheat":134,"minecraft:redstone_block":1,"minecraft:iron_trapdoor":1,"minecraft:anvil":3,"minecraft:smithing_table":1,"minecraft:brown_bed":2,"minecraft:potion":2,"minecraft:enchanted_book":2,"minecraft:string":50,"minecraft:red_nether_bricks":18,"minecraft:iron_leggings":3,"minecraft:armor_stand":1,"minecraft:beetroot":5,"minecraft:cobbled_deepslate":35,"regions_unexplored:pine_log":4,"minecraft:gold_nugget":7,"minecraft:bucket":1,"comforts:sleeping_bag_white":17,"minecraft:spruce_planks":20,"regions_unexplored:larch_log":6,"minecraft:rose_bush":1,"minecraft:calcite":38,"minecraft:smooth_quartz":14,"valhelsia_structures:light_gray_sleeping_bag":2,"minecraft:smooth_quartz_stairs":2,"regions_unexplored:redwood_log":32,"minecraft:iron_boots":2,"minecraft:tipped_arrow":3,"regions_unexplored:blackwood_planks":16,"minecraft:stick":22,"valhelsia_structures:gray_sleeping_bag":4,"minecraft:birch_trapdoor":1,"minecraft:polished_deepslate_stairs":1,"minecraft:torch":12,"minecraft:spruce_stairs":5,"epicfight:skillbook":6,"minecraft:porkchop":14,"minecraft:diorite":2,"aether:golden_gloves":1,"travelersbackpack:iron":2,"minecraft:lime_carpet":2,"minecraft:light_gray_bed":1,"minecraft:stone_sword":3,"minecraft:rotten_flesh":235,"minecraft:end_rod":1,"minecraft:cobblestone":39,"minecraft:birch_log":3,"minecraft:magma_block":3,"minecraft:feather":8,"minecraft:lilac":1,"minecraft:water_bucket":1,"minecraft:andesite":3,"minecraft:brown_wool":1,"minecraft:chiseled_quartz_block":9,"minecraft:potato":19,"alexsmobs:bear_fur":2,"alexsmobs:bison_fur":3,"paraglider:spirit_orb":40,"minecraft:tuff":1,"minecraft:gray_concrete":8,"minecraft:mangrove_slab":11,"minecraft:dirt":59,"minecraft:glass":19,"minecraft:bone":201,"minecraft:bow":3,"minecraft:wheat_seeds":14,"minecraft:dark_oak_sign":1,"regions_unexplored:larch_shrub":1,"minecraft:diamond_helmet":1,"minecraft:oak_planks":5,"patchouli:guide_book":2,"minecraft:sand":70,"minecraft:cyan_bed":6,"minecraft:lily_of_the_valley":1,"minecraft:dark_oak_log":4,"regions_unexplored:pink_lupine":1,"minecraft:barrel":5,"minecraft:mossy_cobblestone":6,"epicsamurai:straw_hat":1,"minecraft:spruce_fence_gate":2,"minecraft:dispenser":1,"minecraft:yellow_carpet":1,"minecraft:diamond":1,"minecraft:spruce_boat":1,"minecraft:soul_lantern":8,"regions_unexplored:clover":79,"minecraft:crossbow":1,"minecraft:golden_apple":3,"minecraft:bread":7,"minecraft:dark_oak_fence":1,"minecraft:charcoal":8,"minecraft:chicken":4,"minecraft:ladder":13,"minecraft:turtle_helmet":1,"minecraft:redstone_lamp":1,"minecraft:brown_mushroom":6,"minecraft:shield":5,"aether:leather_gloves":1,"minecraft:cornflower":3,"minecraft:item_frame":3,"minecraft:iron_shovel":5,"minecraft:birch_fence":1,"minecraft:cyan_carpet":6,"minecraft:cracked_stone_bricks":1,"minecraft:beef":108,"minecraft:oak_boat":1,"minecraft:player_head":4,"minecraft:observer":1,"minecraft:poppy":1,"minecraft:light_gray_wool":2,"minecraft:spruce_slab":7,"regions_unexplored:redwood_planks":2,"minecraft:birch_sapling":1,"minecraft:chest":1,"minecraft:dark_oak_sapling":2,"minecraft:stripped_mangrove_wood":39,"minecraft:spruce_fence":4,"regions_unexplored:blue_lupine":2,"minecraft:carrot":14,"minecraft:redstone":5,"valhelsia_structures:explorers_tent":1,"alexsmobs:crocodile_scute":1,"minecraft:dark_oak_planks":16,"minecraft:arrow":149,"simplyswords:diamond_halberd":1,"minecraft:beetroot_seeds":8,"minecraft:hay_block":41,"minecraft:stripped_dark_oak_wood":1,"minecraft:saddle":1,"minecraft:glistering_melon_slice":3,"minecraft:gold_ingot":2,"minecraft:black_banner":2,"regions_unexplored:purple_lupine":4,"minecraft:mutton":18,"minecraft:white_wool":11,"regions_unexplored:peat_dirt":74,"minecraft:tripwire_hook":8,"minecraft:leather":39,"minecraft:acacia_wood":10,"simplyswords:gold_chakram":1,"minecraft:mushroom_stew":3,"minecraft:oak_log":7,"minecraft:gunpowder":4,"minecraft:cobblestone_stairs":1,"minecraft:cooked_mutton":1,"minecraft:apple":11,"minecraft:gray_carpet":1,"regions_unexplored:redwood_sapling":3,"minecraft:stone_pickaxe":1,"minecraft:gray_bed":1,"minecraft:iron_sword":2,"minecraft:flowering_azalea":1,"minecraft:dark_oak_stairs":7,"minecraft:book":9,"minecraft:polished_andesite_stairs":1,"minecraft:dark_oak_slab":11,"minecraft:pumpkin":2,"minecraft:sweet_berries":8,"minecraft:stone_brick_slab":7,"minecraft:dandelion":1,"minecraft:spruce_sapling":1,"minecraft:red_banner":1,"minecraft:white_bed":2,"minecraft:spruce_log":18,"minecraft:spider_eye":1,"travelersbackpack:standard":2,"alexsmobs:raw_catfish":2,"regions_unexplored:blackwood_sapling":4,"minecraft:iron_helmet":2,"minecraft:gray_wool":19,"minecraft:red_nether_brick_slab":1,"simplyswords:gold_claymore":1,"minecraft:coal":23},"minecraft:dropped":{"minecraft:iron_sword":3,"alexsmobs:shark_tooth_arrow":1,"minecraft:birch_planks":12,"minecraft:dark_oak_stairs":1,"minecraft:stripped_mangrove_wood":15,"minecraft:cooked_beef":10,"minecraft:glass_bottle":1,"regions_unexplored:larch_planks":1,"minecraft:dark_oak_sapling":2,"minecraft:cooked_porkchop":3,"minecraft:red_nether_brick_slab":1,"minecraft:leather":18,"travelersbackpack:iron_tier_upgrade":1,"minecraft:cracked_stone_bricks":1,"regions_unexplored:redwood_sapling":3,"paraglider:spirit_orb":2,"minecraft:item_frame":2,"minecraft:redstone_lamp":5,"minecraft:gray_concrete":6,"minecraft:birch_fence":1,"minecraft:dark_oak_log":1,"minecraft:dark_oak_fence":1,"minecraft:cornflower":2,"minecraft:mutton":4,"simplyswords:gold_chakram":1,"minecraft:sand":34,"minecraft:glistering_melon_slice":2,"minecraft:iron_pickaxe":2,"paraglider:paraglider":3,"minecraft:dark_oak_planks":12,"minecraft:white_wool":9,"minecraft:mangrove_slab":3,"minecraft:cyan_carpet":6,"minecraft:armor_stand":1,"minecraft:gold_ingot":2,"minecraft:bone":97,"minecraft:cobbled_deepslate":14,"minecraft:birch_sapling":1,"minecraft:wheat":5,"minecraft:beetroot":20,"minecraft:rotten_flesh":227,"aether:leather_gloves":2,"travelersbackpack:bat":1,"regions_unexplored:redwood_planks":18,"minecraft:white_bed":1,"minecraft:carrot":3,"travelersbackpack:iron":1,"minecraft:poppy":1,"regions_unexplored:peat_dirt":38,"minecraft:tipped_arrow":2,"minecraft:gunpowder":2,"minecraft:birch_trapdoor":1,"minecraft:charcoal":8,"minecraft:beetroot_seeds":8,"minecraft:birch_door":1,"minecraft:ladder":3,"minecraft:spruce_slab":3,"minecraft:red_nether_bricks":13,"minecraft:glass":2,"minecraft:beef":2,"minecraft:enchanted_book":2,"minecraft:bread":12,"minecraft:wheat_seeds":12,"minecraft:lilac":1,"minecraft:smooth_quartz_stairs":2,"minecraft:golden_axe":1,"minecraft:iron_helmet":2,"minecraft:feather":7,"minecraft:book":10,"minecraft:apple":17,"simplyswords:diamond_warglaive":1,"minecraft:spruce_stairs":5,"minecraft:chainmail_helmet":1,"minecraft:yellow_carpet":1,"minecraft:golden_apple":1,"minecraft:mushroom_stew":6,"minecraft:stick":41,"minecraft:spruce_fence_gate":1,"simplyswords:gold_claymore":2,"minecraft:gray_wool":8,"minecraft:diorite":2,"minecraft:iron_trapdoor":1,"minecraft:gray_bed":1,"minecraft:wooden_axe":3,"minecraft:brown_wool":1,"minecraft:smooth_quartz":2,"minecraft:rose_bush":1,"regions_unexplored:purple_lupine":4,"minecraft:lime_carpet":1,"minecraft:iron_leggings":4,"minecraft:pumpkin":2,"regions_unexplored:blackwood_planks":9,"minecraft:polished_andesite_stairs":1,"minecraft:flowering_azalea":1,"minecraft:bucket":1,"minecraft:iron_axe":1,"minecraft:iron_shovel":4,"minecraft:string":28,"minecraft:tripwire_hook":6,"minecraft:gray_carpet":1,"minecraft:acacia_planks":2,"minecraft:dandelion":1,"minecraft:redstone_block":1,"minecraft:spruce_sapling":1,"minecraft:stone_brick_slab":3,"alexsmobs:crocodile_scute":1,"minecraft:sweet_berries":13,"minecraft:stone_sword":2,"minecraft:chiseled_quartz_block":7,"minecraft:dark_oak_sign":1,"valhelsia_structures:light_gray_sleeping_bag":1,"minecraft:bowl":1,"minecraft:chicken":1,"regions_unexplored:clover":79,"minecraft:light_gray_wool":1,"minecraft:iron_boots":2,"regions_unexplored:pink_lupine":1,"minecraft:spruce_fence":2,"minecraft:polished_deepslate_stairs":1,"alexsmobs:bear_fur":2,"minecraft:lily_of_the_valley":1,"minecraft:potato":2,"minecraft:shield":7,"minecraft:spruce_planks":32,"minecraft:iron_chestplate":2,"minecraft:cake":1,"regions_unexplored:blackwood_sapling":4,"minecraft:oak_boat":1,"minecraft:spider_eye":1,"minecraft:barrel":2,"minecraft:bow":2,"minecraft:wooden_pickaxe":1,"minecraft:calcite":35,"minecraft:magma_block":1,"regions_unexplored:blue_lupine":2,"minecraft:cyan_bed":1,"epicfight:skillbook":1},"minecraft:killed_by":{"epicsamurai:jorogumo":1,"minecraft:creeper":4,"minecraft:zombie":1,"minecraft:husk":10,"minecraft:player":1,"minecraft:spider":1,"minecraft:warden":9,"minecraft:skeleton":10},"minecraft:used":{"minecraft:beetroot":5,"minecraft:iron_shovel":219,"minecraft:dispenser":1,"minecraft:ladder":9,"minecraft:chest":1,"minecraft:iron_sword":2,"minecraft:stone":20,"minecraft:mutton":2,"minecraft:carrot":31,"travelersbackpack:iron":49,"minecraft:spruce_boat":1,"minecraft:glass":5,"minecraft:lava_bucket":7,"simplyswords:diamond_cutlass":27,"minecraft:dark_oak_slab":9,"minecraft:magma_block":2,"minecraft:bow":52,"minecraft:sweet_berries":13,"minecraft:mangrove_slab":8,"minecraft:gray_bed":3,"minecraft:potato":19,"epicfight:skillbook":6,"minecraft:stone_pickaxe":59,"minecraft:oak_planks":13,"minecraft:wooden_pickaxe":74,"minecraft:chainmail_helmet":1,"simplyswords:diamond_halberd":661,"minecraft:stripped_mangrove_wood":22,"minecraft:golden_apple":9,"regions_unexplored:redwood_planks":89,"simplyswords:diamond_warglaive":222,"minecraft:crossbow":4,"minecraft:chiseled_quartz_block":2,"minecraft:gray_concrete":2,"minecraft:lime_carpet":1,"minecraft:bread":181,"minecraft:cyan_bed":5,"regions_unexplored:blackwood_planks":1,"minecraft:wooden_sword":59,"minecraft:smithing_table":2,"minecraft:andesite":3,"minecraft:oak_boat":1,"minecraft:stone_sword":89,"minecraft:redstone":2,"minecraft:spruce_planks":79,"travelersbackpack:bat":3,"simpletomb:grave_key":38,"minecraft:torch":136,"minecraft:dirt":53,"minecraft:anvil":2,"simplyswords:iron_katana":17,"minecraft:birch_door":2,"minecraft:dark_oak_planks":1,"minecraft:stone_brick_slab":2,"minecraft:wooden_axe":53,"simplyswords:diamond_scythe":518,"valhelsia_structures:explorers_tent":1,"minecraft:iron_axe":103,"minecraft:smooth_quartz":12,"minecraft:barrel":3,"minecraft:beef":3,"minecraft:golden_axe":6,"regions_unexplored:larch_planks":1,"minecraft:light_gray_bed":1,"minecraft:cobbled_deepslate":21,"comforts:sleeping_bag_white":16,"minecraft:cooked_beef":31,"minecraft:observer":1,"minecraft:acacia_planks":11,"minecraft:brown_bed":2,"minecraft:cooked_mutton":6,"minecraft:water_bucket":3,"minecraft:cobblestone_stairs":1,"regions_unexplored:peat_dirt":36,"minecraft:red_nether_bricks":2,"valhelsia_structures:gray_sleeping_bag":4,"simplyswords:slumbering_lichblade":122,"minecraft:leather_boots":1,"minecraft:crafting_table":7,"minecraft:white_bed":3,"minecraft:spruce_log":1,"minecraft:cake":3,"minecraft:apple":14,"minecraft:chicken":1,"minecraft:iron_pickaxe":324,"minecraft:suspicious_stew":1,"minecraft:potion":1,"minecraft:cobblestone":21,"travelersbackpack:standard":9,"minecraft:pumpkin_pie":16,"minecraft:cooked_porkchop":8,"minecraft:bucket":15,"minecraft:chainmail_leggings":1},"minecraft:custom":{"minecraft:interact_with_crafting_table":27,"minecraft:open_barrel":145,"minecraft:eat_cake_slice":40,"minecraft:leave_game":10,"minecraft:time_since_death":3718,"minecraft:damage_resisted":298,"minecraft:sprint_one_cm":4182527,"minecraft:drop":547,"minecraft:play_noteblock":1,"minecraft:talked_to_villager":7,"minecraft:play_time":750610,"minecraft:deaths":37,"minecraft:jump":10330,"minecraft:interact_with_brewingstand":1,"minecraft:walk_on_water_one_cm":120299,"minecraft:interact_with_furnace":17,"minecraft:interact_with_cartography_table":5,"minecraft:interact_with_loom":1,"minecraft:sleep_in_bed":41,"minecraft:waystone_activated":5,"minecraft:damage_dealt":113935,"minecraft:player_kills":4,"minecraft:crouch_one_cm":132459,"minecraft:interact_with_smoker":6,"minecraft:inspect_dispenser":8,"minecraft:horse_one_cm":3773,"minecraft:interact_with_smithing_table":7,"minecraft:interact_with_anvil":4,"minecraft:mob_kills":521,"minecraft:damage_dealt_resisted":1502,"minecraft:climb_one_cm":226341,"minecraft:walk_one_cm":4041794,"minecraft:sneak_time":30318,"minecraft:walk_under_water_one_cm":85684,"minecraft:boat_one_cm":27049,"minecraft:interact_with_blast_furnace":9,"minecraft:total_world_time":750610,"minecraft:tune_noteblock":89,"minecraft:interact_with_stonecutter":1,"minecraft:interact_with_grindstone":2,"minecraft:time_since_rest":3759,"minecraft:damage_absorbed":208,"minecraft:damage_taken":23801,"minecraft:minecart_one_cm":8816,"minecraft:swim_one_cm":213773,"minecraft:fly_one_cm":4325676,"minecraft:open_chest":159,"minecraft:fall_one_cm":186447},"minecraft:crafted":{"minecraft:oak_planks":28,"travelersbackpack:iron":3,"simplyswords:iron_katana":1,"regions_unexplored:larch_planks":20,"minecraft:cooked_mutton":2,"minecraft:iron_boots":2,"minecraft:chest":1,"minecraft:gray_bed":3,"travelersbackpack:iron_tier_upgrade":2,"minecraft:cooked_porkchop":9,"minecraft:crafting_table":7,"minecraft:spruce_planks":124,"minecraft:wooden_pickaxe":1,"minecraft:iron_helmet":1,"minecraft:smithing_table":1,"minecraft:birch_planks":12,"minecraft:iron_chestplate":2,"minecraft:shield":7,"minecraft:stick":88,"minecraft:iron_pickaxe":3,"minecraft:wooden_sword":1,"travelersbackpack:blank_upgrade":4,"minecraft:spruce_boat":1,"minecraft:dark_oak_planks":16,"minecraft:wheat":369,"minecraft:cooked_beef":29,"paraglider:paraglider":4,"travelersbackpack:backpack_tank":2,"minecraft:iron_sword":2,"minecraft:bucket":1,"minecraft:bread":151,"minecraft:air":0,"minecraft:oak_boat":1,"regions_unexplored:redwood_planks":128,"regions_unexplored:pine_planks":16,"minecraft:wooden_axe":1,"minecraft:iron_leggings":1,"minecraft:iron_shovel":1,"minecraft:white_bed":3,"minecraft:acacia_planks":40,"minecraft:torch":124}},"DataVersion":3465}