{"stats":{"minecraft:broken":{"minecraft:stone_pickaxe":1},"minecraft:custom":{"minecraft:interact_with_crafting_table":23,"minecraft:open_barrel":65,"minecraft:eat_cake_slice":7,"minecraft:leave_game":3,"minecraft:time_since_death":934,"minecraft:damage_resisted":12,"minecraft:sprint_one_cm":2219463,"minecraft:drop":236,"minecraft:play_noteblock":1,"minecraft:talked_to_villager":6,"minecraft:play_time":382314,"minecraft:deaths":17,"minecraft:jump":5301,"minecraft:walk_on_water_one_cm":55342,"minecraft:interact_with_furnace":3,"minecraft:interact_with_cartography_table":4,"minecraft:interact_with_loom":1,"minecraft:sleep_in_bed":21,"minecraft:waystone_activated":4,"minecraft:damage_dealt":33693,"minecraft:crouch_one_cm":75652,"minecraft:interact_with_smoker":5,"minecraft:inspect_dispenser":4,"minecraft:horse_one_cm":3773,"minecraft:interact_with_smithing_table":1,"minecraft:mob_kills":183,"minecraft:interact_with_anvil":2,"minecraft:climb_one_cm":69776,"minecraft:walk_one_cm":1972767,"minecraft:sneak_time":14344,"minecraft:walk_under_water_one_cm":30003,"minecraft:boat_one_cm":27049,"minecraft:interact_with_blast_furnace":4,"minecraft:total_world_time":382314,"minecraft:tune_noteblock":77,"minecraft:interact_with_stonecutter":1,"minecraft:time_since_rest":965,"minecraft:damage_absorbed":17,"minecraft:damage_taken":9475,"minecraft:swim_one_cm":91715,"minecraft:fly_one_cm":2365292,"minecraft:open_chest":97,"minecraft:fall_one_cm":92157},"minecraft:crafted":{"minecraft:oak_planks":8,"travelersbackpack:iron":2,"simplyswords:iron_katana":1,"minecraft:iron_boots":1,"minecraft:chest":1,"minecraft:gray_bed":3,"minecraft:crafting_table":5,"minecraft:spruce_planks":20,"minecraft:iron_helmet":1,"minecraft:birch_planks":12,"minecraft:shield":3,"minecraft:stick":32,"minecraft:iron_pickaxe":1,"minecraft:spruce_boat":1,"minecraft:wheat":351,"paraglider:paraglider":3,"minecraft:iron_sword":1,"minecraft:bread":143,"regions_unexplored:redwood_planks":128,"minecraft:oak_boat":1,"minecraft:iron_shovel":1,"minecraft:iron_leggings":1,"minecraft:acacia_planks":40,"minecraft:torch":36},"minecraft:killed":{"minecraft:spider":8,"minecraft:skeleton":56,"minecraft:chicken":2,"minecraft:silverfish":1,"spawn:ant":1,"minecraft:pig":5,"minecraft:zombie_villager":1,"naturalist:snake":1,"minecraft:creeper":4,"minecraft:sheep":13,"minecraft:pillager":1,"minecraft:zombie":35,"alexsmobs:terrapin":1,"minecraft:mooshroom":1,"minecraft:cow":22,"minecraft:vex":3,"minecraft:vindicator":2,"minecraft:horse":3,"alexsmobs:bison":2,"minecraft:drowned":3,"minecraft:husk":9,"naturalist:butterfly":1,"minecraft:frog":5,"naturalist:sparrow":1},"minecraft:dropped":{"minecraft:iron_sword":1,"minecraft:birch_planks":12,"minecraft:stripped_mangrove_wood":1,"minecraft:dark_oak_sapling":2,"minecraft:cooked_porkchop":1,"minecraft:leather":12,"minecraft:cracked_stone_bricks":1,"regions_unexplored:redwood_sapling":3,"paraglider:spirit_orb":2,"minecraft:redstone_lamp":5,"minecraft:gray_concrete":6,"minecraft:birch_fence":1,"minecraft:dark_oak_log":1,"minecraft:dark_oak_fence":1,"simplyswords:gold_chakram":1,"minecraft:sand":34,"minecraft:glistering_melon_slice":2,"paraglider:paraglider":2,"minecraft:dark_oak_planks":1,"minecraft:white_wool":6,"minecraft:cyan_carpet":2,"minecraft:gold_ingot":2,"minecraft:bone":2,"minecraft:wheat":5,"minecraft:beetroot":9,"minecraft:rotten_flesh":80,"aether:leather_gloves":2,"regions_unexplored:redwood_planks":18,"minecraft:white_bed":1,"minecraft:carrot":3,"minecraft:poppy":1,"regions_unexplored:peat_dirt":38,"minecraft:gunpowder":2,"minecraft:birch_trapdoor":1,"minecraft:charcoal":8,"minecraft:beetroot_seeds":8,"minecraft:birch_door":1,"minecraft:ladder":3,"minecraft:red_nether_bricks":6,"minecraft:beef":1,"minecraft:bread":11,"minecraft:lilac":1,"minecraft:iron_helmet":2,"minecraft:book":1,"minecraft:apple":4,"minecraft:spruce_stairs":2,"minecraft:mushroom_stew":5,"minecraft:stick":5,"minecraft:spruce_fence_gate":1,"simplyswords:gold_claymore":2,"minecraft:gray_wool":8,"minecraft:diorite":2,"minecraft:iron_trapdoor":1,"minecraft:gray_bed":1,"minecraft:wooden_axe":2,"minecraft:rose_bush":1,"regions_unexplored:purple_lupine":1,"minecraft:brown_wool":1,"minecraft:iron_leggings":2,"regions_unexplored:blackwood_planks":9,"minecraft:polished_andesite_stairs":1,"minecraft:pumpkin":2,"minecraft:iron_axe":1,"minecraft:iron_shovel":2,"minecraft:string":4,"minecraft:tripwire_hook":3,"minecraft:acacia_planks":2,"minecraft:gray_carpet":1,"minecraft:stone_brick_slab":3,"minecraft:redstone_block":1,"minecraft:dandelion":1,"minecraft:sweet_berries":8,"minecraft:chiseled_quartz_block":7,"minecraft:bowl":1,"minecraft:light_gray_wool":1,"regions_unexplored:clover":62,"minecraft:iron_boots":2,"minecraft:spruce_fence":2,"minecraft:lily_of_the_valley":1,"minecraft:potato":1,"minecraft:shield":1,"minecraft:spruce_planks":8,"regions_unexplored:blackwood_sapling":2,"minecraft:oak_boat":1,"minecraft:barrel":2,"minecraft:bow":2,"minecraft:wooden_pickaxe":1,"minecraft:calcite":7,"minecraft:magma_block":1,"epicfight:skillbook":1},"minecraft:picked_up":{"minecraft:wooden_axe":1,"minecraft:birch_door":1,"minecraft:iron_chestplate":1,"minecraft:wheat":130,"minecraft:redstone_block":1,"minecraft:iron_trapdoor":1,"minecraft:anvil":2,"minecraft:brown_bed":2,"minecraft:potion":1,"minecraft:string":14,"minecraft:red_nether_bricks":6,"minecraft:iron_leggings":2,"minecraft:beetroot":5,"comforts:sleeping_bag_white":14,"minecraft:spruce_planks":18,"regions_unexplored:larch_log":1,"minecraft:rose_bush":1,"minecraft:calcite":7,"minecraft:smooth_quartz":12,"minecraft:iron_boots":2,"regions_unexplored:redwood_log":32,"regions_unexplored:blackwood_planks":16,"minecraft:stick":3,"minecraft:birch_trapdoor":1,"minecraft:torch":7,"minecraft:spruce_stairs":2,"epicfight:skillbook":5,"minecraft:porkchop":13,"minecraft:diorite":2,"aether:golden_gloves":1,"travelersbackpack:iron":1,"minecraft:stone_sword":1,"minecraft:rotten_flesh":80,"minecraft:end_rod":1,"minecraft:cobblestone":10,"minecraft:birch_log":3,"minecraft:magma_block":1,"minecraft:lilac":1,"minecraft:water_bucket":1,"minecraft:andesite":3,"minecraft:brown_wool":1,"minecraft:chiseled_quartz_block":9,"minecraft:potato":15,"alexsmobs:bison_fur":3,"paraglider:spirit_orb":16,"minecraft:gray_concrete":8,"minecraft:dirt":47,"minecraft:bone":74,"minecraft:glass":17,"minecraft:bow":2,"regions_unexplored:larch_shrub":1,"patchouli:guide_book":1,"minecraft:sand":70,"minecraft:lily_of_the_valley":1,"minecraft:barrel":2,"minecraft:mossy_cobblestone":6,"minecraft:spruce_fence_gate":2,"minecraft:spruce_boat":1,"minecraft:soul_lantern":8,"regions_unexplored:clover":62,"minecraft:golden_apple":1,"minecraft:dark_oak_fence":1,"minecraft:charcoal":8,"minecraft:chicken":2,"minecraft:ladder":5,"minecraft:redstone_lamp":1,"minecraft:turtle_helmet":1,"minecraft:brown_mushroom":6,"minecraft:shield":1,"aether:leather_gloves":1,"minecraft:cornflower":1,"minecraft:iron_shovel":3,"minecraft:birch_fence":1,"minecraft:cyan_carpet":2,"minecraft:cracked_stone_bricks":1,"minecraft:beef":62,"minecraft:oak_boat":1,"minecraft:player_head":2,"minecraft:observer":1,"minecraft:poppy":1,"minecraft:spruce_slab":4,"minecraft:light_gray_wool":2,"regions_unexplored:redwood_planks":2,"minecraft:dark_oak_sapling":2,"minecraft:stripped_mangrove_wood":1,"minecraft:spruce_fence":4,"minecraft:redstone":2,"minecraft:dark_oak_planks":3,"simplyswords:diamond_halberd":1,"minecraft:arrow":71,"minecraft:beetroot_seeds":8,"minecraft:hay_block":39,"minecraft:glistering_melon_slice":2,"minecraft:black_banner":1,"minecraft:stripped_dark_oak_wood":1,"minecraft:saddle":1,"minecraft:gold_ingot":2,"regions_unexplored:purple_lupine":1,"minecraft:mutton":12,"minecraft:white_wool":10,"regions_unexplored:peat_dirt":74,"minecraft:tripwire_hook":5,"minecraft:leather":26,"minecraft:acacia_wood":10,"minecraft:mushroom_stew":3,"simplyswords:gold_chakram":1,"minecraft:oak_log":2,"minecraft:gunpowder":2,"minecraft:cooked_mutton":1,"minecraft:apple":7,"minecraft:gray_carpet":1,"minecraft:stone_pickaxe":1,"regions_unexplored:redwood_sapling":3,"minecraft:gray_bed":1,"minecraft:iron_sword":1,"minecraft:polished_andesite_stairs":1,"minecraft:pumpkin":2,"minecraft:sweet_berries":8,"minecraft:stone_brick_slab":7,"minecraft:dandelion":1,"minecraft:red_banner":1,"minecraft:white_bed":1,"minecraft:spruce_log":3,"travelersbackpack:standard":2,"regions_unexplored:blackwood_sapling":2,"minecraft:iron_helmet":2,"minecraft:gray_wool":19,"simplyswords:gold_claymore":1,"minecraft:coal":20},"minecraft:killed_by":{"epicsamurai:jorogumo":1,"minecraft:creeper":4,"minecraft:zombie":1,"minecraft:husk":4,"minecraft:player":1,"minecraft:spider":1,"minecraft:skeleton":5},"minecraft:mined":{"minecraft:dark_oak_planks":1,"minecraft:spruce_planks":9,"minecraft:white_bed":1,"minecraft:cobblestone_stairs":2,"minecraft:red_nether_bricks":3,"minecraft:grass_block":15,"minecraft:brown_wool":1,"travelersbackpack:iron":1,"minecraft:spawner":9,"minecraft:magma_block":5,"minecraft:dark_oak_trapdoor":4,"regions_unexplored:redwood_planks":2,"minecraft:anvil":1,"minecraft:stripped_dark_oak_wood":2,"minecraft:brown_bed":2,"regions_unexplored:pine_leaves":1,"minecraft:iron_bars":2,"minecraft:light_gray_concrete":4,"minecraft:stripped_mangrove_wood":2,"minecraft:player_head":2,"minecraft:spruce_slab":6,"minecraft:tripwire":3,"minecraft:soul_lantern":9,"minecraft:chiseled_quartz_block":9,"minecraft:blast_furnace":2,"regions_unexplored:peat_grass_block":44,"minecraft:calcite":6,"minecraft:polished_andesite_stairs":1,"minecraft:nether_brick_slab":1,"minecraft:glass":6,"minecraft:cobblestone":9,"minecraft:wall_torch":6,"minecraft:cyan_wool":3,"minecraft:birch_log":3,"minecraft:light_gray_stained_glass":2,"minecraft:birch_trapdoor":1,"minecraft:lilac":1,"minecraft:yellow_stained_glass_pane":6,"minecraft:grass":1,"minecraft:oak_log":2,"minecraft:beetroots":9,"regions_unexplored:peat_dirt":41,"minecraft:sand":73,"minecraft:dirt":13,"minecraft:smooth_quartz":16,"regions_unexplored:clover":14,"minecraft:tripwire_hook":4,"minecraft:oak_leaves":1,"minecraft:cyan_candle":1,"minecraft:redstone_lamp":1,"realmrpg_skeletons:waterdrop_skeleton":1,"minecraft:dark_prismarine":5,"minecraft:mossy_cobblestone":6,"minecraft:ladder":2,"minecraft:dark_oak_fence":1,"minecraft:spruce_fence":1,"minecraft:jungle_planks":2,"minecraft:white_stained_glass":1,"minecraft:spruce_leaves":3,"minecraft:large_fern":1,"minecraft:hay_block":39,"minecraft:black_stained_glass_pane":3,"minecraft:acacia_wood":11,"minecraft:andesite":3,"minecraft:polished_deepslate":3,"minecraft:potatoes":8,"minecraft:vine":3,"regions_unexplored:medium_grass":11,"minecraft:stone":4,"regions_unexplored:small_oak_log":1,"regions_unexplored:redwood_log":35,"minecraft:redstone_wall_torch":1,"minecraft:redstone_block":1,"minecraft:gray_concrete":5,"minecraft:infested_stone_bricks":1,"minecraft:lily_of_the_valley":1,"minecraft:stone_brick_slab":3,"minecraft:observer":1,"minecraft:red_banner":1,"minecraft:oak_fence":2,"minecraft:rose_bush":1,"minecraft:campfire":4,"minecraft:tall_grass":3,"minecraft:diorite":3,"minecraft:spruce_stairs":2,"minecraft:gray_wool":14,"minecraft:sweet_berry_bush":1,"minecraft:black_wall_banner":1,"minecraft:gray_bed":2,"minecraft:spruce_log":3,"regions_unexplored:redwood_leaves":84,"minecraft:cyan_carpet":2,"minecraft:end_rod":1,"minecraft:gray_carpet":1,"minecraft:cracked_stone_bricks":4,"regions_unexplored:blackwood_leaves":15,"minecraft:polished_andesite":3,"minecraft:spruce_fence_gate":1,"minecraft:stone_bricks":19,"minecraft:mossy_stone_bricks":4,"minecraft:iron_trapdoor":2,"minecraft:birch_fence":1,"minecraft:fern":3},"minecraft:used":{"minecraft:beetroot":5,"minecraft:iron_shovel":219,"minecraft:ladder":1,"minecraft:chest":1,"minecraft:iron_sword":2,"minecraft:stone":20,"minecraft:carrot":20,"travelersbackpack:iron":8,"minecraft:spruce_boat":1,"minecraft:bow":17,"minecraft:sweet_berries":13,"minecraft:gray_bed":3,"minecraft:potato":5,"epicfight:skillbook":5,"minecraft:stone_pickaxe":59,"minecraft:oak_planks":5,"minecraft:wooden_pickaxe":37,"minecraft:chainmail_helmet":1,"simplyswords:diamond_halberd":378,"minecraft:golden_apple":2,"regions_unexplored:redwood_planks":89,"minecraft:chiseled_quartz_block":2,"minecraft:gray_concrete":2,"minecraft:bread":108,"regions_unexplored:blackwood_planks":1,"minecraft:andesite":3,"minecraft:oak_boat":1,"minecraft:stone_sword":89,"minecraft:spruce_planks":15,"simpletomb:grave_key":14,"minecraft:torch":36,"minecraft:dirt":41,"minecraft:anvil":1,"minecraft:stone_brick_slab":2,"minecraft:wooden_axe":12,"minecraft:dark_oak_planks":1,"simplyswords:diamond_scythe":9,"minecraft:iron_axe":103,"minecraft:smooth_quartz":12,"comforts:sleeping_bag_white":13,"minecraft:acacia_planks":11,"minecraft:observer":1,"minecraft:brown_bed":2,"regions_unexplored:peat_dirt":36,"simplyswords:slumbering_lichblade":9,"minecraft:leather_boots":1,"minecraft:crafting_table":5,"minecraft:cake":2,"minecraft:suspicious_stew":1,"minecraft:iron_pickaxe":106,"minecraft:cobblestone":9,"travelersbackpack:standard":9,"minecraft:cooked_porkchop":1,"minecraft:pumpkin_pie":14,"minecraft:chainmail_leggings":1}},"DataVersion":3465}