{"stats":{"minecraft:killed":{"minecraft:spider":8,"minecraft:skeleton":58,"minecraft:chicken":2,"minecraft:silverfish":1,"spawn:ant":1,"minecraft:pig":6,"minecraft:zombie_villager":1,"naturalist:snake":1,"minecraft:creeper":4,"minecraft:sheep":14,"minecraft:pillager":11,"minecraft:zombie":36,"alexsmobs:terrapin":1,"minecraft:mooshroom":1,"minecraft:cow":25,"minecraft:vex":3,"minecraft:vindicator":2,"minecraft:horse":3,"alexsmobs:blue_jay":1,"alexsmobs:bison":2,"minecraft:drowned":3,"minecraft:husk":9,"naturalist:butterfly":1,"minecraft:frog":5,"minecraft:squid":1,"alexsmobs:catfish":1,"naturalist:sparrow":1},"minecraft:broken":{"minecraft:stone_pickaxe":1},"minecraft:mined":{"minecraft:dark_oak_planks":1,"minecraft:spruce_planks":9,"minecraft:white_bed":2,"minecraft:cobblestone_stairs":3,"minecraft:red_nether_bricks":3,"minecraft:grass_block":15,"minecraft:yellow_carpet":1,"minecraft:brown_wool":1,"valhelsia_structures:gray_sleeping_bag":3,"travelersbackpack:iron":1,"minecraft:spawner":9,"minecraft:magma_block":7,"minecraft:dark_oak_trapdoor":4,"minecraft:barrel":2,"regions_unexplored:redwood_planks":2,"minecraft:anvil":1,"minecraft:stripped_dark_oak_wood":2,"minecraft:brown_bed":2,"regions_unexplored:pine_leaves":1,"minecraft:iron_bars":2,"minecraft:light_gray_concrete":4,"regions_unexplored:larch_log":2,"minecraft:stripped_mangrove_wood":2,"minecraft:player_head":2,"minecraft:spruce_slab":6,"minecraft:tripwire":3,"valhelsia_structures:explorers_tent":1,"minecraft:soul_lantern":9,"minecraft:chiseled_quartz_block":9,"minecraft:blast_furnace":2,"regions_unexplored:peat_grass_block":44,"minecraft:calcite":6,"minecraft:polished_andesite_stairs":1,"minecraft:chest":1,"minecraft:nether_brick_slab":1,"minecraft:glass":6,"minecraft:cobblestone":10,"minecraft:wall_torch":6,"minecraft:cyan_wool":3,"minecraft:light_gray_stained_glass":2,"minecraft:birch_log":3,"minecraft:wheat":4,"minecraft:birch_trapdoor":1,"minecraft:lilac":1,"minecraft:yellow_stained_glass_pane":6,"minecraft:grass":1,"minecraft:oak_log":2,"minecraft:beetroots":9,"regions_unexplored:peat_dirt":41,"minecraft:sand":73,"minecraft:smooth_quartz":16,"minecraft:dirt":13,"regions_unexplored:clover":14,"minecraft:tripwire_hook":4,"minecraft:dispenser":1,"minecraft:oak_leaves":3,"minecraft:cyan_candle":1,"minecraft:redstone_lamp":1,"realmrpg_skeletons:waterdrop_skeleton":1,"minecraft:dark_prismarine":5,"minecraft:mossy_cobblestone":6,"minecraft:ladder":2,"minecraft:dark_oak_fence":1,"minecraft:spruce_fence":1,"minecraft:jungle_planks":2,"minecraft:white_stained_glass":1,"minecraft:spruce_leaves":3,"minecraft:large_fern":1,"minecraft:hay_block":39,"minecraft:black_stained_glass_pane":3,"minecraft:carrots":4,"minecraft:acacia_wood":11,"minecraft:andesite":3,"minecraft:polished_deepslate":3,"minecraft:potatoes":9,"minecraft:vine":3,"regions_unexplored:medium_grass":12,"regions_unexplored:small_oak_log":1,"minecraft:stone":4,"regions_unexplored:redwood_log":35,"minecraft:redstone_wall_torch":1,"minecraft:smithing_table":1,"minecraft:redstone_block":1,"minecraft:gray_concrete":5,"minecraft:infested_stone_bricks":1,"minecraft:lily_of_the_valley":1,"minecraft:stone_brick_slab":3,"minecraft:observer":1,"minecraft:red_banner":1,"minecraft:oak_fence":2,"minecraft:rose_bush":1,"minecraft:campfire":4,"minecraft:tall_grass":3,"minecraft:diorite":3,"minecraft:spruce_stairs":2,"minecraft:gray_wool":14,"minecraft:sweet_berry_bush":1,"minecraft:black_wall_banner":2,"minecraft:gray_bed":2,"minecraft:spruce_log":4,"regions_unexplored:redwood_leaves":84,"minecraft:end_rod":1,"minecraft:cyan_carpet":2,"minecraft:gray_carpet":1,"minecraft:cobweb":2,"minecraft:cracked_stone_bricks":4,"regions_unexplored:blackwood_leaves":34,"minecraft:stone_bricks":19,"minecraft:spruce_fence_gate":1,"minecraft:polished_andesite":3,"minecraft:mossy_stone_bricks":4,"minecraft:iron_trapdoor":2,"minecraft:birch_fence":1,"minecraft:fern":3},"minecraft:picked_up":{"minecraft:wooden_axe":1,"minecraft:birch_door":1,"minecraft:iron_chestplate":1,"minecraft:wheat":134,"minecraft:redstone_block":1,"minecraft:iron_trapdoor":1,"minecraft:anvil":2,"minecraft:smithing_table":1,"minecraft:brown_bed":2,"minecraft:enchanted_book":2,"minecraft:potion":1,"minecraft:string":16,"minecraft:red_nether_bricks":6,"minecraft:iron_leggings":2,"minecraft:beetroot":5,"comforts:sleeping_bag_white":14,"minecraft:spruce_planks":18,"regions_unexplored:larch_log":3,"minecraft:rose_bush":1,"minecraft:calcite":7,"minecraft:smooth_quartz":12,"valhelsia_structures:light_gray_sleeping_bag":1,"regions_unexplored:redwood_log":32,"minecraft:iron_boots":2,"minecraft:tipped_arrow":3,"regions_unexplored:blackwood_planks":16,"minecraft:stick":5,"valhelsia_structures:gray_sleeping_bag":3,"minecraft:birch_trapdoor":1,"minecraft:torch":7,"minecraft:spruce_stairs":2,"epicfight:skillbook":5,"minecraft:porkchop":14,"aether:golden_gloves":1,"minecraft:diorite":2,"travelersbackpack:iron":1,"minecraft:stone_sword":1,"minecraft:rotten_flesh":82,"minecraft:end_rod":1,"minecraft:cobblestone":11,"minecraft:birch_log":3,"minecraft:magma_block":3,"minecraft:feather":1,"minecraft:lilac":1,"minecraft:water_bucket":1,"minecraft:andesite":3,"minecraft:brown_wool":1,"minecraft:chiseled_quartz_block":9,"minecraft:potato":19,"alexsmobs:bison_fur":3,"paraglider:spirit_orb":16,"minecraft:gray_concrete":8,"minecraft:dirt":47,"minecraft:bone":77,"minecraft:glass":17,"minecraft:bow":2,"minecraft:wheat_seeds":10,"regions_unexplored:larch_shrub":1,"patchouli:guide_book":1,"minecraft:sand":70,"minecraft:lily_of_the_valley":1,"minecraft:barrel":4,"minecraft:mossy_cobblestone":6,"minecraft:spruce_fence_gate":2,"minecraft:dispenser":1,"minecraft:yellow_carpet":1,"minecraft:spruce_boat":1,"minecraft:soul_lantern":8,"regions_unexplored:clover":62,"minecraft:golden_apple":1,"minecraft:dark_oak_fence":1,"minecraft:charcoal":8,"minecraft:chicken":2,"minecraft:ladder":5,"minecraft:turtle_helmet":1,"minecraft:redstone_lamp":1,"minecraft:brown_mushroom":6,"minecraft:shield":1,"aether:leather_gloves":1,"minecraft:cornflower":1,"minecraft:iron_shovel":3,"minecraft:birch_fence":1,"minecraft:cyan_carpet":2,"minecraft:cracked_stone_bricks":1,"minecraft:beef":68,"minecraft:oak_boat":1,"minecraft:player_head":2,"minecraft:observer":1,"minecraft:poppy":1,"minecraft:light_gray_wool":2,"minecraft:spruce_slab":4,"regions_unexplored:redwood_planks":2,"minecraft:chest":1,"minecraft:dark_oak_sapling":2,"minecraft:stripped_mangrove_wood":1,"minecraft:spruce_fence":4,"minecraft:carrot":14,"minecraft:redstone":4,"valhelsia_structures:explorers_tent":1,"minecraft:dark_oak_planks":3,"minecraft:arrow":72,"simplyswords:diamond_halberd":1,"minecraft:beetroot_seeds":8,"minecraft:hay_block":39,"minecraft:stripped_dark_oak_wood":1,"minecraft:black_banner":2,"minecraft:glistering_melon_slice":2,"minecraft:saddle":1,"minecraft:gold_ingot":2,"regions_unexplored:purple_lupine":1,"minecraft:mutton":14,"minecraft:white_wool":11,"regions_unexplored:peat_dirt":74,"minecraft:tripwire_hook":5,"minecraft:leather":31,"minecraft:acacia_wood":10,"minecraft:mushroom_stew":3,"simplyswords:gold_chakram":1,"minecraft:oak_log":2,"minecraft:gunpowder":2,"minecraft:cobblestone_stairs":1,"minecraft:cooked_mutton":1,"minecraft:apple":7,"minecraft:gray_carpet":1,"regions_unexplored:redwood_sapling":3,"minecraft:stone_pickaxe":1,"minecraft:gray_bed":1,"minecraft:iron_sword":1,"minecraft:polished_andesite_stairs":1,"minecraft:pumpkin":2,"minecraft:sweet_berries":8,"minecraft:stone_brick_slab":7,"minecraft:dandelion":1,"minecraft:spruce_sapling":1,"minecraft:red_banner":1,"minecraft:white_bed":2,"minecraft:spruce_log":4,"alexsmobs:raw_catfish":2,"travelersbackpack:standard":2,"regions_unexplored:blackwood_sapling":4,"minecraft:iron_helmet":2,"minecraft:gray_wool":19,"simplyswords:gold_claymore":1,"minecraft:coal":20},"minecraft:dropped":{"minecraft:iron_sword":1,"minecraft:birch_planks":12,"minecraft:stripped_mangrove_wood":1,"minecraft:dark_oak_sapling":2,"minecraft:cooked_porkchop":1,"minecraft:leather":12,"minecraft:cracked_stone_bricks":1,"regions_unexplored:redwood_sapling":3,"paraglider:spirit_orb":2,"minecraft:redstone_lamp":5,"minecraft:gray_concrete":6,"minecraft:birch_fence":1,"minecraft:dark_oak_log":1,"minecraft:dark_oak_fence":1,"simplyswords:gold_chakram":1,"minecraft:sand":34,"minecraft:glistering_melon_slice":2,"paraglider:paraglider":2,"minecraft:dark_oak_planks":1,"minecraft:white_wool":6,"minecraft:cyan_carpet":2,"minecraft:gold_ingot":2,"minecraft:bone":10,"minecraft:wheat":5,"minecraft:beetroot":9,"minecraft:rotten_flesh":82,"aether:leather_gloves":2,"regions_unexplored:redwood_planks":18,"minecraft:white_bed":1,"minecraft:carrot":3,"minecraft:poppy":1,"regions_unexplored:peat_dirt":38,"minecraft:tipped_arrow":1,"minecraft:gunpowder":2,"minecraft:birch_trapdoor":1,"minecraft:charcoal":8,"minecraft:beetroot_seeds":8,"minecraft:birch_door":1,"minecraft:ladder":3,"minecraft:red_nether_bricks":6,"minecraft:beef":1,"minecraft:enchanted_book":2,"minecraft:bread":11,"minecraft:wheat_seeds":10,"minecraft:lilac":1,"minecraft:iron_helmet":2,"minecraft:book":1,"minecraft:apple":4,"minecraft:spruce_stairs":2,"minecraft:yellow_carpet":1,"minecraft:mushroom_stew":5,"minecraft:stick":5,"minecraft:spruce_fence_gate":1,"simplyswords:gold_claymore":2,"minecraft:gray_wool":8,"minecraft:diorite":2,"minecraft:iron_trapdoor":1,"minecraft:gray_bed":1,"minecraft:wooden_axe":2,"minecraft:rose_bush":1,"minecraft:brown_wool":1,"regions_unexplored:purple_lupine":1,"minecraft:iron_leggings":2,"minecraft:pumpkin":2,"regions_unexplored:blackwood_planks":9,"minecraft:polished_andesite_stairs":1,"minecraft:iron_axe":1,"minecraft:iron_shovel":2,"minecraft:string":13,"minecraft:tripwire_hook":3,"minecraft:gray_carpet":1,"minecraft:acacia_planks":2,"minecraft:spruce_sapling":1,"minecraft:dandelion":1,"minecraft:redstone_block":1,"minecraft:stone_brick_slab":3,"minecraft:sweet_berries":13,"minecraft:chiseled_quartz_block":7,"minecraft:bowl":1,"minecraft:light_gray_wool":1,"regions_unexplored:clover":62,"minecraft:iron_boots":2,"minecraft:spruce_fence":2,"minecraft:lily_of_the_valley":1,"minecraft:potato":1,"minecraft:shield":1,"minecraft:spruce_planks":8,"regions_unexplored:blackwood_sapling":4,"minecraft:oak_boat":1,"minecraft:barrel":2,"minecraft:bow":2,"minecraft:wooden_pickaxe":1,"minecraft:calcite":7,"minecraft:magma_block":1,"epicfight:skillbook":1},"minecraft:killed_by":{"epicsamurai:jorogumo":1,"minecraft:creeper":4,"minecraft:zombie":1,"minecraft:husk":4,"minecraft:player":1,"minecraft:spider":1,"minecraft:skeleton":5},"minecraft:used":{"minecraft:beetroot":5,"minecraft:iron_shovel":219,"minecraft:dispenser":1,"minecraft:ladder":1,"minecraft:chest":1,"minecraft:iron_sword":2,"minecraft:stone":20,"minecraft:carrot":31,"travelersbackpack:iron":17,"minecraft:spruce_boat":1,"minecraft:magma_block":2,"minecraft:bow":17,"minecraft:sweet_berries":13,"minecraft:gray_bed":3,"minecraft:potato":6,"epicfight:skillbook":5,"minecraft:stone_pickaxe":59,"minecraft:oak_planks":5,"minecraft:wooden_pickaxe":37,"minecraft:chainmail_helmet":1,"simplyswords:diamond_halberd":414,"minecraft:golden_apple":5,"regions_unexplored:redwood_planks":89,"simplyswords:diamond_warglaive":14,"minecraft:chiseled_quartz_block":2,"minecraft:gray_concrete":2,"minecraft:bread":122,"regions_unexplored:blackwood_planks":1,"minecraft:smithing_table":1,"minecraft:andesite":3,"minecraft:oak_boat":1,"minecraft:stone_sword":89,"minecraft:redstone":2,"minecraft:spruce_planks":15,"simpletomb:grave_key":17,"minecraft:torch":39,"minecraft:dirt":41,"minecraft:anvil":1,"minecraft:dark_oak_planks":1,"minecraft:stone_brick_slab":2,"minecraft:wooden_axe":12,"simplyswords:diamond_scythe":10,"minecraft:iron_axe":103,"minecraft:smooth_quartz":12,"minecraft:barrel":2,"regions_unexplored:larch_planks":1,"comforts:sleeping_bag_white":13,"minecraft:acacia_planks":11,"minecraft:observer":1,"minecraft:brown_bed":2,"minecraft:cooked_mutton":2,"minecraft:water_bucket":2,"minecraft:cobblestone_stairs":1,"regions_unexplored:peat_dirt":36,"valhelsia_structures:gray_sleeping_bag":2,"simplyswords:slumbering_lichblade":10,"minecraft:leather_boots":1,"minecraft:crafting_table":5,"minecraft:white_bed":1,"minecraft:cake":2,"minecraft:spruce_log":1,"minecraft:iron_pickaxe":116,"minecraft:suspicious_stew":1,"minecraft:cobblestone":10,"travelersbackpack:standard":9,"minecraft:cooked_porkchop":1,"minecraft:bucket":6,"minecraft:pumpkin_pie":14,"minecraft:chainmail_leggings":1},"minecraft:custom":{"minecraft:interact_with_crafting_table":24,"minecraft:open_barrel":84,"minecraft:eat_cake_slice":7,"minecraft:leave_game":4,"minecraft:time_since_death":61691,"minecraft:damage_resisted":12,"minecraft:sprint_one_cm":2571258,"minecraft:drop":249,"minecraft:play_noteblock":1,"minecraft:talked_to_villager":6,"minecraft:play_time":443071,"minecraft:deaths":17,"minecraft:jump":5988,"minecraft:walk_on_water_one_cm":59630,"minecraft:interact_with_furnace":3,"minecraft:interact_with_cartography_table":4,"minecraft:interact_with_loom":1,"minecraft:sleep_in_bed":25,"minecraft:waystone_activated":4,"minecraft:damage_dealt":37205,"minecraft:crouch_one_cm":80374,"minecraft:interact_with_smoker":5,"minecraft:inspect_dispenser":6,"minecraft:horse_one_cm":3773,"minecraft:interact_with_smithing_table":5,"minecraft:interact_with_anvil":2,"minecraft:mob_kills":204,"minecraft:climb_one_cm":77259,"minecraft:walk_one_cm":2251605,"minecraft:sneak_time":15056,"minecraft:walk_under_water_one_cm":31157,"minecraft:boat_one_cm":27049,"minecraft:interact_with_blast_furnace":4,"minecraft:total_world_time":443071,"minecraft:tune_noteblock":77,"minecraft:interact_with_grindstone":1,"minecraft:interact_with_stonecutter":1,"minecraft:time_since_rest":10486,"minecraft:damage_absorbed":57,"minecraft:damage_taken":10286,"minecraft:minecart_one_cm":1606,"minecraft:swim_one_cm":110934,"minecraft:fly_one_cm":2623223,"minecraft:open_chest":117,"minecraft:fall_one_cm":108816},"minecraft:crafted":{"minecraft:oak_planks":8,"travelersbackpack:iron":3,"simplyswords:iron_katana":1,"regions_unexplored:larch_planks":8,"minecraft:iron_boots":1,"minecraft:chest":1,"minecraft:gray_bed":3,"travelersbackpack:iron_tier_upgrade":1,"minecraft:crafting_table":5,"minecraft:spruce_planks":20,"minecraft:iron_helmet":1,"minecraft:smithing_table":1,"minecraft:birch_planks":12,"minecraft:shield":3,"minecraft:stick":32,"minecraft:iron_pickaxe":1,"travelersbackpack:blank_upgrade":4,"minecraft:spruce_boat":1,"minecraft:wheat":351,"paraglider:paraglider":3,"travelersbackpack:backpack_tank":2,"minecraft:iron_sword":1,"minecraft:bucket":1,"minecraft:bread":145,"regions_unexplored:redwood_planks":128,"minecraft:oak_boat":1,"minecraft:iron_shovel":1,"minecraft:iron_leggings":1,"minecraft:white_bed":1,"minecraft:acacia_planks":40,"minecraft:torch":36}},"DataVersion":3465}