{"stats":{"minecraft:killed":{"minecraft:witch":2,"epicsamurai:kawauso":1,"minecraft:spider":7,"minecraft:skeleton":63,"minecraft:zombie_villager":1,"minecraft:sheep":3,"minecraft:pillager":2,"minecraft:zombie":50,"minecraft:cow":3,"minecraft:vindicator":1,"minecraft:horse":2,"minecraft:warden":1,"minecraft:husk":35,"naturalist:butterfly":1,"minecraft:frog":4,"minecraft:player":2},"minecraft:broken":{"minecraft:iron_chestplate":1,"minecraft:iron_leggings":1,"minecraft:stone_axe":1,"minecraft:wooden_axe":1,"minecraft:shield":4,"minecraft:iron_helmet":1},"minecraft:mined":{"regions_unexplored:golden_larch_leaves":2,"minecraft:spruce_planks":13,"minecraft:white_bed":15,"regions_unexplored:blue_lupine":1,"minecraft:sculk_vein":5,"minecraft:cobblestone_stairs":1,"minecraft:red_nether_bricks":5,"minecraft:spruce_trapdoor":1,"minecraft:grass_block":4,"minecraft:mangrove_fence":1,"valhelsia_structures:gray_sleeping_bag":5,"minecraft:light_gray_bed":7,"minecraft:spawner":14,"minecraft:raw_iron_block":3,"minecraft:iron_ore":2,"minecraft:cobbled_deepslate":1,"minecraft:barrel":3,"minecraft:pumpkin":2,"minecraft:anvil":2,"minecraft:stripped_dark_oak_wood":1,"minecraft:dark_oak_stairs":8,"regions_unexplored:pine_leaves":1,"realmrpg_skeletons:rookie_skeleton":1,"minecraft:dirt_path":1,"minecraft:oak_stairs":4,"minecraft:iron_bars":4,"minecraft:light_gray_concrete":1,"regions_unexplored:larch_log":2,"minecraft:stripped_mangrove_wood":7,"minecraft:spruce_slab":5,"minecraft:tripwire":1,"minecraft:waxed_cut_copper":3,"minecraft:polished_deepslate_stairs":1,"minecraft:deepslate_brick_wall":1,"minecraft:soul_lantern":7,"minecraft:chiseled_quartz_block":1,"minecraft:torch":1,"regions_unexplored:peat_grass_block":1,"minecraft:calcite":20,"minecraft:melon":2,"minecraft:chest":2,"minecraft:nether_brick_slab":1,"minecraft:glass":3,"minecraft:cobblestone":10,"minecraft:cyan_bed":9,"minecraft:oak_planks":1,"minecraft:wall_torch":1,"realmrpg_skeletons:bow_skeleton":1,"minecraft:dark_oak_slab":1,"minecraft:wheat":15,"minecraft:birch_trapdoor":3,"minecraft:waxed_copper_block":1,"minecraft:stone_brick_stairs":1,"minecraft:grass":6,"minecraft:oak_log":9,"minecraft:beetroots":5,"minecraft:dirt":10,"regions_unexplored:peat_dirt":72,"minecraft:sand":2,"regions_unexplored:clover":1,"minecraft:tripwire_hook":3,"minecraft:deepslate":16,"minecraft:tuff":13,"minecraft:mossy_cobblestone":6,"minecraft:deepslate_diamond_ore":4,"minecraft:ladder":2,"minecraft:dark_oak_fence":1,"minecraft:spruce_fence":2,"minecraft:jungle_planks":1,"minecraft:spruce_leaves":5,"minecraft:large_fern":3,"minecraft:hay_block":93,"minecraft:black_stained_glass_pane":2,"valhelsia_furniture:red_curtain":2,"minecraft:carrots":15,"minecraft:acacia_wood":2,"minecraft:stripped_spruce_log":3,"minecraft:bookshelf":1,"minecraft:potatoes":12,"minecraft:vine":3,"minecraft:smooth_quartz_stairs":1,"regions_unexplored:medium_grass":1,"minecraft:stone":33,"minecraft:cake":1,"valhelsia_structures:doused_wall_torch":1,"minecraft:oak_slab":20,"minecraft:lily_of_the_valley":1,"minecraft:stone_brick_slab":2,"travelersbackpack:standard":1,"minecraft:sculk_sensor":1,"minecraft:lightning_rod":2,"regions_unexplored:blackwood_log":9,"minecraft:tall_grass":2,"minecraft:sculk":20,"minecraft:diorite":3,"minecraft:spruce_stairs":36,"minecraft:black_wall_banner":1,"valhelsia_furniture:open_red_curtain":2,"regions_unexplored:redwood_leaves":24,"minecraft:mangrove_slab":2,"minecraft:coal_ore":4,"minecraft:cyan_carpet":1,"minecraft:gray_carpet":1,"minecraft:cobweb":8,"regions_unexplored:blackwood_leaves":106,"minecraft:fern":2,"minecraft:dark_oak_planks":23},"minecraft:picked_up":{"minecraft:wooden_axe":1,"minecraft:birch_door":6,"minecraft:iron_chestplate":3,"minecraft:wheat":20,"travelersbackpack:bat":1,"minecraft:redstone_block":1,"minecraft:anvil":5,"minecraft:oak_stairs":3,"minecraft:potion":3,"minecraft:polished_deepslate":1,"minecraft:dark_oak_trapdoor":7,"minecraft:string":14,"minecraft:iron_leggings":2,"minecraft:armor_stand":1,"minecraft:beetroot":11,"minecraft:cobbled_deepslate":20,"minecraft:gold_nugget":14,"comforts:sleeping_bag_white":4,"minecraft:spruce_planks":27,"regions_unexplored:larch_log":2,"minecraft:calcite":9,"minecraft:iron_pickaxe":3,"minecraft:melon_slice":18,"valhelsia_structures:light_gray_sleeping_bag":1,"regions_unexplored:blackwood_log":9,"minecraft:iron_boots":1,"regions_unexplored:redwood_log":2,"regions_unexplored:blackwood_planks":11,"minecraft:stick":8,"valhelsia_structures:gray_sleeping_bag":6,"minecraft:polished_deepslate_stairs":1,"minecraft:torch":3,"minecraft:spruce_stairs":25,"travelersbackpack:iron_tier_upgrade":1,"epicfight:skillbook":12,"minecraft:golden_axe":3,"minecraft:diorite":3,"aether:golden_gloves":1,"simplyswords:diamond_warglaive":1,"minecraft:stone_sword":1,"minecraft:rotten_flesh":128,"minecraft:light_gray_bed":8,"minecraft:iron_bars":4,"minecraft:cobblestone":37,"regions_unexplored:golden_larch_sapling":1,"paraglider:paraglider":1,"minecraft:cooked_beef":3,"minecraft:brown_wool":1,"minecraft:chiseled_quartz_block":2,"minecraft:potato":80,"alexsmobs:bear_fur":1,"paraglider:spirit_orb":50,"minecraft:mangrove_slab":3,"minecraft:dirt":17,"minecraft:mangrove_fence":1,"minecraft:bone":62,"minecraft:glass":3,"travelersbackpack:backpack_tank":2,"minecraft:wheat_seeds":59,"minecraft:dark_oak_sign":25,"minecraft:cyan_candle":3,"minecraft:oak_planks":1,"minecraft:cooked_porkchop":6,"patchouli:guide_book":1,"minecraft:jungle_planks":1,"minecraft:sand":35,"minecraft:stripped_spruce_log":3,"minecraft:cyan_bed":10,"alexsmobs:animal_dictionary":1,"regions_unexplored:pink_lupine":3,"minecraft:barrel":3,"minecraft:mossy_cobblestone":6,"epicsamurai:straw_hat":1,"minecraft:light_gray_concrete":2,"minecraft:diamond":4,"minecraft:spruce_boat":1,"minecraft:soul_lantern":7,"regions_unexplored:clover":158,"minecraft:golden_apple":2,"minecraft:emerald":1,"minecraft:bread":34,"minecraft:ladder":3,"minecraft:turtle_helmet":5,"minecraft:brown_mushroom":1,"minecraft:wooden_pickaxe":1,"minecraft:shield":7,"aether:leather_gloves":1,"valhelsia_furniture:red_curtain":2,"minecraft:item_frame":1,"minecraft:iron_shovel":1,"minecraft:cyan_carpet":7,"minecraft:cracked_stone_bricks":1,"simplyswords:runic_tablet":1,"minecraft:beef":5,"regions_unexplored:peat_podzol":5,"valhelsia_structures:doused_torch":3,"minecraft:minecart":1,"minecraft:spruce_slab":4,"minecraft:light_gray_wool":1,"regions_unexplored:redwood_planks":21,"minecraft:chest":3,"minecraft:spruce_trapdoor":1,"minecraft:egg":2,"minecraft:raw_iron":4,"minecraft:stripped_mangrove_wood":10,"minecraft:bowl":2,"regions_unexplored:blue_lupine":3,"minecraft:cake":2,"minecraft:carrot":123,"valhelsia_structures:explorers_tent":1,"minecraft:prismarine_crystals":4,"minecraft:iron_horse_armor":1,"minecraft:dark_oak_planks":16,"minecraft:arrow":36,"minecraft:beetroot_seeds":22,"minecraft:pumpkin_pie":6,"minecraft:hay_block":121,"minecraft:stripped_dark_oak_wood":2,"minecraft:black_banner":4,"minecraft:glistering_melon_slice":24,"minecraft:gold_ingot":7,"regions_unexplored:purple_lupine":1,"minecraft:mutton":10,"minecraft:white_wool":17,"simplyswords:iron_katana":2,"regions_unexplored:peat_dirt":91,"minecraft:tripwire_hook":5,"minecraft:leather":27,"travelersbackpack:red_sleeping_bag":2,"aquamirae:spinefish":1,"minecraft:birch_planks":12,"minecraft:mushroom_stew":6,"simplyswords:gold_chakram":3,"minecraft:oak_log":17,"minecraft:golden_boots":1,"minecraft:cobblestone_stairs":1,"simpletomb:grave_key":5,"minecraft:red_carpet":1,"minecraft:stone_bricks":1,"minecraft:apple":45,"minecraft:gray_carpet":1,"minecraft:iron_ingot":69,"minecraft:stone_pickaxe":2,"minecraft:cooked_chicken":3,"minecraft:glass_bottle":1,"minecraft:iron_sword":2,"minecraft:flowering_azalea":1,"minecraft:dark_oak_stairs":4,"minecraft:sculk_catalyst":1,"minecraft:oak_slab":18,"minecraft:polished_andesite_stairs":1,"minecraft:dark_oak_slab":2,"minecraft:pumpkin":6,"epicfight:stone_greatsword":1,"minecraft:stone_brick_slab":5,"minecraft:dandelion":1,"minecraft:raw_iron_block":3,"minecraft:blast_furnace":1,"minecraft:white_bed":15,"naturalist:cooked_bass":2,"minecraft:spider_eye":2,"simplyswords:diamond_greathammer":2,"travelersbackpack:standard":1,"minecraft:stone_axe":2,"regions_unexplored:blackwood_sapling":4,"minecraft:iron_helmet":1,"minecraft:painting":2,"minecraft:gray_wool":7,"simplyswords:gold_claymore":2,"minecraft:coal":4},"minecraft:dropped":{"minecraft:dark_oak_stairs":1,"minecraft:brown_mushroom":1,"minecraft:porkchop":2,"minecraft:stripped_mangrove_wood":6,"minecraft:glass_bottle":1,"simplyswords:diamond_halberd":1,"minecraft:leather":4,"minecraft:cracked_stone_bricks":1,"valhelsia_structures:doused_torch":1,"travelersbackpack:standard":2,"minecraft:black_banner":3,"minecraft:item_frame":1,"minecraft:dirt":2,"minecraft:mutton":4,"minecraft:dark_oak_trapdoor":7,"minecraft:stripped_dark_oak_wood":2,"regions_unexplored:golden_larch_sapling":1,"minecraft:gold_nugget":21,"minecraft:pumpkin_pie":17,"simplyswords:gold_chakram":1,"minecraft:glistering_melon_slice":20,"minecraft:iron_pickaxe":3,"minecraft:dark_oak_planks":9,"minecraft:white_wool":6,"minecraft:cyan_carpet":2,"minecraft:bone":41,"simplyswords:iron_katana":3,"minecraft:wheat":148,"minecraft:soul_lantern":4,"minecraft:beetroot":11,"minecraft:rotten_flesh":103,"aether:leather_gloves":1,"regions_unexplored:redwood_planks":3,"minecraft:carrot":22,"travelersbackpack:iron":1,"regions_unexplored:peat_dirt":10,"minecraft:turtle_helmet":6,"minecraft:beetroot_seeds":22,"minecraft:chest":2,"minecraft:birch_door":5,"minecraft:ladder":1,"valhelsia_structures:explorers_tent":1,"comforts:sleeping_bag_white":4,"minecraft:spruce_slab":2,"minecraft:iron_bars":3,"minecraft:arrow":33,"minecraft:beef":4,"minecraft:glass":2,"minecraft:golden_boots":1,"minecraft:iron_ingot":1,"minecraft:bread":21,"minecraft:wheat_seeds":57,"simpletomb:grave_key":9,"minecraft:golden_axe":4,"minecraft:iron_helmet":3,"minecraft:apple":26,"minecraft:coal":20,"minecraft:mushroom_stew":3,"minecraft:stick":11,"simplyswords:gold_claymore":1,"minecraft:gray_wool":2,"minecraft:diorite":3,"minecraft:torch":1,"regions_unexplored:redwood_log":2,"minecraft:potion":2,"minecraft:iron_leggings":4,"regions_unexplored:blackwood_planks":9,"minecraft:pumpkin":4,"minecraft:cyan_candle":3,"minecraft:flowering_azalea":1,"minecraft:iron_axe":1,"minecraft:string":5,"minecraft:tripwire_hook":2,"minecraft:bucket":1,"minecraft:gray_carpet":1,"minecraft:dandelion":1,"minecraft:stone_brick_slab":3,"minecraft:polished_deepslate":1,"minecraft:anvil":2,"minecraft:chiseled_quartz_block":2,"minecraft:stone_sword":1,"minecraft:dark_oak_sign":25,"minecraft:bowl":4,"regions_unexplored:clover":126,"minecraft:light_gray_wool":1,"minecraft:iron_boots":2,"epicsamurai:straw_hat":1,"minecraft:light_gray_concrete":2,"regions_unexplored:pink_lupine":1,"minecraft:blast_furnace":1,"minecraft:shield":4,"minecraft:spruce_planks":7,"minecraft:iron_chestplate":4,"minecraft:cake":2,"minecraft:spider_eye":2,"minecraft:stone_bricks":1,"minecraft:barrel":2,"minecraft:stone_pickaxe":2,"minecraft:calcite":5,"regions_unexplored:blue_lupine":1,"epicfight:skillbook":4},"minecraft:killed_by":{"minecraft:creeper":4,"alexsmobs:crocodile":1,"minecraft:witch":1,"minecraft:zombie":1,"alexsmobs:grizzly_bear":2,"minecraft:vex":3,"minecraft:husk":15,"minecraft:player":8,"minecraft:warden":7,"minecraft:skeleton":16,"creeperoverhaul:spruce_creeper":1},"minecraft:used":{"regions_unexplored:pink_lupine":1,"minecraft:beetroot":7,"minecraft:spruce_slab":1,"minecraft:ladder":5,"minecraft:shield":206,"minecraft:iron_sword":372,"minecraft:rotten_flesh":17,"minecraft:carrot":201,"travelersbackpack:iron":24,"minecraft:polished_deepslate_stairs":1,"minecraft:spruce_boat":1,"minecraft:glass":3,"regions_unexplored:purple_lupine":1,"minecraft:dark_oak_slab":2,"minecraft:rabbit_stew":2,"minecraft:mangrove_slab":3,"minecraft:potato":148,"simplyswords:gold_chakram":11,"epicfight:skillbook":10,"minecraft:stone_pickaxe":62,"minecraft:oak_planks":1,"minecraft:wooden_pickaxe":29,"minecraft:redstone_block":1,"simplyswords:diamond_halberd":2,"minecraft:white_wool":1,"minecraft:stripped_mangrove_wood":4,"minecraft:golden_apple":2,"minecraft:sand":1,"minecraft:mushroom_stew":1,"minecraft:cyan_carpet":5,"minecraft:melon_slice":9,"minecraft:cyan_bed":8,"minecraft:bread":63,"minecraft:brown_wool":1,"minecraft:soul_lantern":3,"minecraft:diamond_sword":492,"minecraft:iron_bars":4,"minecraft:stone_sword":17,"travelersbackpack:bat":1,"valhelsia_structures:light_gray_sleeping_bag":1,"minecraft:cooked_chicken":3,"simpletomb:grave_key":107,"simplyswords:gold_claymore":5,"minecraft:dirt":12,"simplyswords:iron_katana":226,"regions_unexplored:clover":5,"minecraft:salmon_bucket":1,"minecraft:dark_oak_planks":3,"minecraft:wooden_axe":45,"minecraft:iron_axe":76,"simplyswords:diamond_greathammer":22,"epicfight:stone_greatsword":1,"minecraft:barrel":1,"minecraft:beef":4,"minecraft:minecart":1,"comforts:sleeping_bag_white":3,"minecraft:cooked_beef":3,"minecraft:cobbled_deepslate":20,"minecraft:light_gray_bed":6,"minecraft:calcite":2,"minecraft:water_bucket":28,"minecraft:cobblestone_stairs":1,"regions_unexplored:peat_dirt":81,"valhelsia_structures:gray_sleeping_bag":5,"minecraft:mossy_cobblestone":6,"minecraft:crafting_table":1,"minecraft:white_bed":15,"minecraft:cake":2,"minecraft:oak_log":1,"minecraft:diamond_pickaxe":17,"minecraft:apple":67,"minecraft:iron_pickaxe":198,"regions_unexplored:larch_log":2,"minecraft:stone_axe":25,"minecraft:cobblestone":33,"minecraft:potion":1,"travelersbackpack:standard":16,"minecraft:cooked_porkchop":6,"minecraft:bucket":28,"minecraft:pumpkin_pie":17,"alexsmobs:animal_dictionary":5},"minecraft:custom":{"minecraft:interact_with_crafting_table":46,"minecraft:open_barrel":77,"minecraft:bell_ring":2,"minecraft:eat_cake_slice":47,"minecraft:leave_game":7,"minecraft:time_since_death":721,"minecraft:damage_resisted":443,"minecraft:sprint_one_cm":4666116,"minecraft:damage_blocked_by_shield":14770,"minecraft:drop":254,"minecraft:talked_to_villager":7,"minecraft:play_time":809846,"minecraft:deaths":62,"minecraft:jump":4963,"minecraft:walk_on_water_one_cm":177019,"minecraft:interact_with_furnace":29,"minecraft:sleep_in_bed":40,"minecraft:waystone_activated":5,"minecraft:damage_dealt":47213,"minecraft:player_kills":3,"minecraft:crouch_one_cm":13649,"minecraft:inspect_dispenser":1,"minecraft:interact_with_smithing_table":2,"minecraft:mob_kills":190,"minecraft:damage_dealt_resisted":115,"minecraft:climb_one_cm":194269,"minecraft:walk_one_cm":7154808,"minecraft:damage_dealt_absorbed":64,"minecraft:sneak_time":1654,"minecraft:walk_under_water_one_cm":155926,"minecraft:interact_with_blast_furnace":4,"minecraft:total_world_time":809846,"minecraft:tune_noteblock":4,"minecraft:interact_with_grindstone":1,"minecraft:time_since_rest":748,"minecraft:damage_taken":27596,"minecraft:damage_absorbed":65,"minecraft:minecart_one_cm":168,"minecraft:swim_one_cm":229236,"minecraft:fly_one_cm":740074,"minecraft:open_chest":118,"minecraft:fall_one_cm":55996},"minecraft:crafted":{"travelersbackpack:iron":1,"simplyswords:iron_katana":2,"minecraft:glass":53,"minecraft:iron_boots":2,"travelersbackpack:gray_sleeping_bag":1,"minecraft:chest":2,"minecraft:crafting_table":1,"minecraft:spruce_planks":12,"minecraft:wooden_pickaxe":1,"travelersbackpack:standard":3,"minecraft:iron_helmet":3,"minecraft:iron_chestplate":3,"minecraft:shield":3,"minecraft:stick":32,"minecraft:iron_ingot":32,"valhelsia_structures:gray_sleeping_bag":1,"minecraft:stone_sword":1,"minecraft:gold_ingot":1,"regions_unexplored:blackwood_planks":36,"minecraft:raw_iron":27,"comforts:sleeping_bag_white":3,"minecraft:iron_axe":1,"minecraft:ladder":3,"minecraft:stone_pickaxe":1,"minecraft:wheat":837,"travelersbackpack:backpack_tank":8,"minecraft:iron_sword":1,"minecraft:bread":64,"minecraft:gold_nugget":9,"minecraft:iron_leggings":2}},"DataVersion":3465}