{"stats":{"minecraft:custom":{"minecraft:mob_kills":2,"minecraft:leave_game":1,"minecraft:time_since_death":14290,"minecraft:climb_one_cm":1116,"minecraft:time_since_rest":14290,"minecraft:sprint_one_cm":135366,"minecraft:damage_taken":100,"minecraft:walk_one_cm":98302,"minecraft:damage_dealt":639,"minecraft:fly_one_cm":240615,"minecraft:open_chest":3,"minecraft:play_time":14290,"minecraft:jump":116,"minecraft:walk_on_water_one_cm":2764,"minecraft:total_world_time":14290,"minecraft:fall_one_cm":2112},"minecraft:killed":{"minecraft:bee":1,"alexsmobs:bison":1},"minecraft:used":{"alexsmobs:animal_dictionary":1,"simplyswords:gold_chakram":12},"minecraft:picked_up":{"minecraft:stripped_oak_log":1,"minecraft:coarse_dirt":3,"minecraft:ladder":5,"minecraft:andesite":1,"minecraft:smoker":1,"minecraft:oak_stairs":4,"minecraft:brown_bed":1,"alexsmobs:bison_fur":2,"minecraft:oak_log":20,"minecraft:stone_brick_stairs":4,"minecraft:string":1,"minecraft:lantern":1,"minecraft:dirt":5,"minecraft:dark_oak_trapdoor":2,"valhelsia_furniture:red_curtain":3,"minecraft:red_carpet":6,"minecraft:stone_bricks":4,"minecraft:cracked_stone_bricks":7,"valhelsia_structures:metal_framed_glass_pane":3,"minecraft:spruce_planks":1,"minecraft:beef":7,"minecraft:dark_oak_sign":2,"minecraft:mossy_stone_bricks":1,"minecraft:oak_planks":5,"minecraft:spruce_trapdoor":3,"minecraft:dark_oak_stairs":9,"minecraft:book":3,"minecraft:dark_oak_sapling":1,"minecraft:oak_slab":44,"minecraft:raw_iron":1,"minecraft:pumpkin":2,"minecraft:torch":1,"minecraft:spruce_stairs":21,"minecraft:raw_iron_block":1,"minecraft:spruce_fence":1,"minecraft:gravel":1,"valhelsia_structures:cut_oak_post":2,"minecraft:stripped_spruce_log":6,"minecraft:cauldron":1,"minecraft:dark_oak_log":14,"minecraft:mossy_cobblestone":1,"minecraft:hay_block":4,"regions_unexplored:clover":11,"regions_unexplored:willow_log":1,"valhelsia_furniture:dark_oak_table":3,"minecraft:rooted_dirt":1,"minecraft:damaged_anvil":1,"minecraft:stripped_dark_oak_log":13,"minecraft:cobblestone":7},"minecraft:mined":{"minecraft:dark_oak_planks":4,"minecraft:oak_slab":108,"valhelsia_structures:coarse_dirt":7,"minecraft:spruce_planks":19,"regions_unexplored:willow_log":4,"minecraft:mossy_cobblestone":6,"minecraft:dark_oak_leaves":88,"regions_unexplored:willow_leaves":30,"minecraft:smoker":1,"minecraft:potted_lily_of_the_valley":1,"minecraft:cobblestone_stairs":2,"valhelsia_structures:dirt":7,"minecraft:stripped_dark_oak_log":16,"minecraft:dark_oak_log":17,"regions_unexplored:magnolia_log":2,"minecraft:stone_brick_slab":2,"minecraft:polished_granite":6,"minecraft:oak_fence":4,"valhelsia_furniture:dark_oak_desk_drawer":1,"minecraft:spruce_trapdoor":11,"minecraft:ladder":8,"minecraft:grass_block":8,"minecraft:spruce_fence":1,"minecraft:melon":1,"minecraft:chest":1,"minecraft:brick_stairs":3,"valhelsia_furniture:hay_dark_oak_chair":2,"regions_unexplored:blue_magnolia_leaves":67,"valhelsia_structures:oak_post":1,"minecraft:cobblestone":33,"minecraft:oak_planks":6,"minecraft:damaged_anvil":1,"minecraft:bricks":3,"valhelsia_furniture:dark_oak_table":9,"minecraft:rooted_dirt":4,"minecraft:wall_torch":3,"minecraft:chiseled_stone_bricks":12,"minecraft:spruce_stairs":111,"minecraft:hay_block":8,"minecraft:raw_iron_block":1,"minecraft:dark_oak_slab":5,"valhelsia_furniture:red_curtain":8,"valhelsia_structures:red_glazed_jar":2,"minecraft:dark_oak_wall_sign":3,"minecraft:dark_oak_trapdoor":4,"minecraft:iron_ore":1,"valhelsia_structures:metal_framed_glass_pane":14,"valhelsia_structures:andesite":2,"valhelsia_furniture:open_red_curtain":8,"minecraft:stripped_spruce_log":15,"minecraft:pumpkin":4,"minecraft:stone_brick_stairs":9,"minecraft:brown_bed":4,"minecraft:dark_oak_stairs":63,"minecraft:bookshelf":2,"minecraft:potted_dandelion":1,"minecraft:oak_log":59,"minecraft:water_cauldron":1,"minecraft:cobblestone_slab":1,"minecraft:vine":16,"minecraft:oak_stairs":6,"minecraft:flower_pot":1,"minecraft:gravel":5,"minecraft:stripped_oak_log":1,"minecraft:cobweb":5,"valhelsia_structures:cut_oak_post":3,"minecraft:cracked_stone_bricks":12,"valhelsia_furniture:red_fabric_desk_lamp":1,"minecraft:stone_bricks":18,"minecraft:mossy_stone_bricks":2,"minecraft:oak_leaves":3,"minecraft:spruce_slab":22,"valhelsia_structures:doused_wall_torch":1}},"DataVersion":3465}