{"stats":{"minecraft:broken":{"minecraft:stone_axe":1,"minecraft:wooden_axe":1,"minecraft:shield":2},"minecraft:custom":{"minecraft:interact_with_crafting_table":42,"minecraft:open_barrel":54,"minecraft:bell_ring":2,"minecraft:eat_cake_slice":20,"minecraft:leave_game":5,"minecraft:time_since_death":14119,"minecraft:damage_resisted":71,"minecraft:sprint_one_cm":3014840,"minecraft:damage_blocked_by_shield":8125,"minecraft:drop":142,"minecraft:talked_to_villager":6,"minecraft:play_time":488494,"minecraft:deaths":30,"minecraft:jump":2580,"minecraft:walk_on_water_one_cm":70720,"minecraft:interact_with_furnace":29,"minecraft:sleep_in_bed":25,"minecraft:waystone_activated":4,"minecraft:damage_dealt":22061,"minecraft:crouch_one_cm":9647,"minecraft:inspect_dispenser":1,"minecraft:mob_kills":95,"minecraft:climb_one_cm":94573,"minecraft:walk_one_cm":4280791,"minecraft:damage_dealt_absorbed":10,"minecraft:sneak_time":972,"minecraft:walk_under_water_one_cm":67723,"minecraft:interact_with_blast_furnace":1,"minecraft:total_world_time":488494,"minecraft:tune_noteblock":3,"minecraft:interact_with_grindstone":1,"minecraft:time_since_rest":9111,"minecraft:damage_taken":12187,"minecraft:damage_absorbed":25,"minecraft:swim_one_cm":66121,"minecraft:fly_one_cm":364938,"minecraft:open_chest":84,"minecraft:fall_one_cm":27314},"minecraft:crafted":{"simplyswords:iron_katana":2,"minecraft:glass":53,"minecraft:iron_boots":2,"travelersbackpack:gray_sleeping_bag":1,"minecraft:chest":1,"minecraft:crafting_table":1,"minecraft:spruce_planks":12,"minecraft:wooden_pickaxe":1,"travelersbackpack:standard":3,"minecraft:iron_helmet":2,"minecraft:iron_chestplate":1,"minecraft:shield":3,"minecraft:stick":24,"minecraft:iron_ingot":32,"valhelsia_structures:gray_sleeping_bag":1,"minecraft:stone_sword":1,"minecraft:gold_ingot":1,"regions_unexplored:blackwood_planks":36,"minecraft:raw_iron":27,"comforts:sleeping_bag_white":2,"minecraft:iron_axe":1,"minecraft:ladder":3,"minecraft:stone_pickaxe":1,"minecraft:wheat":837,"travelersbackpack:backpack_tank":8,"minecraft:iron_sword":1,"minecraft:bread":64,"minecraft:gold_nugget":9,"minecraft:iron_leggings":2},"minecraft:killed":{"minecraft:witch":2,"minecraft:spider":5,"minecraft:skeleton":31,"minecraft:zombie_villager":1,"minecraft:sheep":2,"minecraft:pillager":2,"minecraft:zombie":19,"minecraft:cow":2,"minecraft:vindicator":1,"minecraft:horse":2,"minecraft:husk":18,"naturalist:butterfly":1},"minecraft:dropped":{"minecraft:brown_mushroom":1,"minecraft:porkchop":2,"minecraft:glass_bottle":1,"simplyswords:diamond_halberd":1,"minecraft:cracked_stone_bricks":1,"valhelsia_structures:doused_torch":1,"travelersbackpack:standard":2,"minecraft:dirt":1,"minecraft:dark_oak_trapdoor":1,"minecraft:stripped_dark_oak_wood":1,"regions_unexplored:golden_larch_sapling":1,"minecraft:pumpkin_pie":12,"simplyswords:gold_chakram":1,"minecraft:glistering_melon_slice":11,"minecraft:cyan_carpet":1,"minecraft:bone":23,"simplyswords:iron_katana":3,"minecraft:wheat":128,"minecraft:beetroot":5,"minecraft:rotten_flesh":46,"aether:leather_gloves":1,"regions_unexplored:redwood_planks":3,"regions_unexplored:peat_dirt":10,"minecraft:turtle_helmet":6,"minecraft:ladder":1,"comforts:sleeping_bag_white":3,"minecraft:iron_bars":3,"minecraft:arrow":29,"minecraft:beef":4,"minecraft:glass":2,"minecraft:iron_ingot":1,"minecraft:wheat_seeds":1,"simpletomb:grave_key":5,"minecraft:iron_helmet":2,"minecraft:apple":10,"minecraft:coal":20,"minecraft:mushroom_stew":3,"minecraft:stick":2,"simplyswords:gold_claymore":1,"minecraft:gray_wool":2,"minecraft:diorite":1,"regions_unexplored:redwood_log":2,"minecraft:potion":2,"minecraft:iron_leggings":2,"regions_unexplored:blackwood_planks":9,"minecraft:pumpkin":4,"minecraft:cyan_candle":3,"minecraft:string":5,"minecraft:tripwire_hook":2,"minecraft:gray_carpet":1,"minecraft:stone_brick_slab":3,"minecraft:dandelion":1,"minecraft:polished_deepslate":1,"minecraft:anvil":2,"minecraft:dark_oak_sign":24,"minecraft:stone_sword":1,"minecraft:chiseled_quartz_block":2,"minecraft:bowl":4,"regions_unexplored:clover":59,"minecraft:light_gray_wool":1,"minecraft:iron_boots":2,"minecraft:light_gray_concrete":2,"minecraft:blast_furnace":1,"minecraft:shield":1,"minecraft:spruce_planks":6,"minecraft:iron_chestplate":2,"minecraft:cake":1,"minecraft:stone_bricks":1,"minecraft:barrel":2,"minecraft:stone_pickaxe":2,"minecraft:calcite":4,"epicfight:skillbook":2},"minecraft:picked_up":{"minecraft:wooden_axe":1,"minecraft:iron_chestplate":1,"minecraft:redstone_block":1,"minecraft:anvil":5,"minecraft:oak_stairs":3,"minecraft:potion":3,"minecraft:polished_deepslate":1,"minecraft:dark_oak_trapdoor":1,"minecraft:string":12,"minecraft:iron_leggings":1,"minecraft:beetroot":5,"comforts:sleeping_bag_white":4,"minecraft:spruce_planks":18,"minecraft:calcite":6,"minecraft:melon_slice":18,"regions_unexplored:blackwood_log":9,"minecraft:iron_boots":1,"regions_unexplored:redwood_log":2,"regions_unexplored:blackwood_planks":11,"minecraft:stick":7,"valhelsia_structures:gray_sleeping_bag":3,"minecraft:torch":2,"minecraft:spruce_stairs":23,"epicfight:skillbook":6,"minecraft:diorite":1,"aether:golden_gloves":1,"minecraft:stone_sword":1,"minecraft:rotten_flesh":65,"minecraft:light_gray_bed":4,"minecraft:iron_bars":4,"minecraft:cobblestone":24,"regions_unexplored:golden_larch_sapling":1,"paraglider:paraglider":1,"minecraft:cooked_beef":3,"minecraft:brown_wool":1,"minecraft:chiseled_quartz_block":2,"minecraft:potato":24,"paraglider:spirit_orb":16,"minecraft:dirt":4,"minecraft:bone":41,"minecraft:glass":3,"minecraft:wheat_seeds":2,"minecraft:dark_oak_sign":24,"minecraft:cyan_candle":3,"minecraft:cooked_porkchop":6,"patchouli:guide_book":1,"minecraft:jungle_planks":1,"minecraft:sand":35,"minecraft:stripped_spruce_log":3,"minecraft:cyan_bed":2,"alexsmobs:animal_dictionary":1,"regions_unexplored:pink_lupine":1,"minecraft:barrel":3,"minecraft:mossy_cobblestone":6,"minecraft:light_gray_concrete":2,"minecraft:spruce_boat":1,"minecraft:soul_lantern":6,"regions_unexplored:clover":63,"minecraft:golden_apple":1,"minecraft:emerald":1,"minecraft:bread":19,"minecraft:ladder":3,"minecraft:turtle_helmet":5,"minecraft:brown_mushroom":1,"minecraft:wooden_pickaxe":1,"minecraft:shield":2,"aether:leather_gloves":1,"valhelsia_furniture:red_curtain":2,"minecraft:iron_shovel":1,"minecraft:cyan_carpet":1,"minecraft:cracked_stone_bricks":1,"minecraft:beef":2,"regions_unexplored:peat_podzol":5,"valhelsia_structures:doused_torch":3,"minecraft:spruce_slab":1,"minecraft:light_gray_wool":1,"regions_unexplored:redwood_planks":21,"minecraft:chest":2,"minecraft:spruce_trapdoor":1,"minecraft:egg":2,"minecraft:raw_iron":4,"minecraft:bowl":2,"minecraft:cake":1,"minecraft:carrot":23,"minecraft:iron_horse_armor":1,"minecraft:arrow":32,"minecraft:pumpkin_pie":6,"minecraft:hay_block":121,"minecraft:stripped_dark_oak_wood":1,"minecraft:gold_ingot":2,"minecraft:glistering_melon_slice":18,"regions_unexplored:purple_lupine":1,"minecraft:mutton":5,"minecraft:white_wool":7,"regions_unexplored:peat_dirt":91,"simplyswords:iron_katana":2,"minecraft:tripwire_hook":4,"minecraft:leather":18,"travelersbackpack:red_sleeping_bag":2,"minecraft:birch_planks":12,"simplyswords:gold_chakram":2,"minecraft:mushroom_stew":6,"minecraft:oak_log":16,"minecraft:cobblestone_stairs":1,"simpletomb:grave_key":3,"minecraft:red_carpet":1,"minecraft:stone_bricks":1,"minecraft:apple":24,"minecraft:gray_carpet":1,"minecraft:iron_ingot":31,"minecraft:stone_pickaxe":2,"minecraft:cooked_chicken":3,"minecraft:glass_bottle":1,"minecraft:dark_oak_stairs":3,"minecraft:oak_slab":18,"minecraft:polished_andesite_stairs":1,"minecraft:pumpkin":6,"epicfight:stone_greatsword":1,"minecraft:stone_brick_slab":5,"minecraft:dandelion":1,"minecraft:raw_iron_block":3,"minecraft:blast_furnace":1,"minecraft:white_bed":15,"travelersbackpack:standard":1,"simplyswords:diamond_greathammer":1,"minecraft:stone_axe":2,"regions_unexplored:blackwood_sapling":4,"minecraft:iron_helmet":1,"minecraft:painting":2,"minecraft:gray_wool":7,"simplyswords:gold_claymore":2,"minecraft:coal":4},"minecraft:killed_by":{"minecraft:creeper":2,"minecraft:witch":1,"alexsmobs:grizzly_bear":1,"minecraft:vex":3,"minecraft:husk":5,"minecraft:player":4,"minecraft:skeleton":11,"creeperoverhaul:spruce_creeper":1},"minecraft:mined":{"regions_unexplored:golden_larch_leaves":2,"minecraft:spruce_planks":13,"minecraft:white_bed":15,"regions_unexplored:blue_lupine":1,"minecraft:cobblestone_stairs":1,"minecraft:spruce_trapdoor":1,"minecraft:grass_block":1,"valhelsia_structures:gray_sleeping_bag":3,"minecraft:light_gray_bed":3,"minecraft:spawner":8,"minecraft:raw_iron_block":3,"minecraft:iron_ore":2,"minecraft:barrel":3,"minecraft:pumpkin":2,"minecraft:anvil":2,"minecraft:dark_oak_stairs":3,"minecraft:dirt_path":1,"minecraft:oak_stairs":4,"minecraft:iron_bars":4,"minecraft:light_gray_concrete":1,"minecraft:spruce_slab":2,"minecraft:tripwire":1,"minecraft:waxed_cut_copper":2,"minecraft:deepslate_brick_wall":1,"minecraft:soul_lantern":6,"minecraft:chiseled_quartz_block":1,"regions_unexplored:peat_grass_block":1,"minecraft:calcite":7,"minecraft:melon":2,"minecraft:chest":2,"minecraft:nether_brick_slab":1,"minecraft:glass":3,"minecraft:cobblestone":10,"minecraft:cyan_bed":2,"minecraft:wall_torch":1,"minecraft:birch_trapdoor":2,"minecraft:waxed_copper_block":1,"minecraft:stone_brick_stairs":1,"minecraft:grass":4,"minecraft:oak_log":9,"regions_unexplored:peat_dirt":72,"minecraft:sand":2,"regions_unexplored:clover":1,"minecraft:tripwire_hook":1,"minecraft:mossy_cobblestone":6,"minecraft:ladder":2,"minecraft:dark_oak_fence":1,"minecraft:jungle_planks":1,"minecraft:spruce_leaves":2,"minecraft:large_fern":1,"minecraft:hay_block":93,"valhelsia_furniture:red_curtain":2,"minecraft:stripped_spruce_log":3,"regions_unexplored:medium_grass":1,"minecraft:smooth_quartz_stairs":1,"minecraft:stone":15,"valhelsia_structures:doused_wall_torch":1,"minecraft:cake":1,"minecraft:oak_slab":20,"minecraft:lily_of_the_valley":1,"minecraft:stone_brick_slab":2,"travelersbackpack:standard":1,"minecraft:lightning_rod":1,"regions_unexplored:blackwood_log":9,"minecraft:tall_grass":2,"minecraft:diorite":1,"minecraft:spruce_stairs":34,"valhelsia_furniture:open_red_curtain":2,"regions_unexplored:redwood_leaves":24,"minecraft:coal_ore":4,"minecraft:gray_carpet":1,"minecraft:cobweb":8,"regions_unexplored:blackwood_leaves":106,"minecraft:fern":2},"minecraft:used":{"regions_unexplored:pink_lupine":1,"minecraft:beetroot":7,"minecraft:spruce_slab":1,"minecraft:ladder":5,"minecraft:shield":140,"minecraft:iron_sword":128,"minecraft:rotten_flesh":12,"minecraft:carrot":44,"travelersbackpack:iron":12,"minecraft:spruce_boat":1,"minecraft:glass":3,"regions_unexplored:purple_lupine":1,"minecraft:rabbit_stew":2,"minecraft:potato":9,"simplyswords:gold_chakram":8,"epicfight:skillbook":7,"minecraft:stone_pickaxe":62,"minecraft:wooden_pickaxe":29,"minecraft:redstone_block":1,"simplyswords:diamond_halberd":2,"minecraft:golden_apple":1,"minecraft:sand":1,"minecraft:mushroom_stew":1,"minecraft:cyan_bed":2,"minecraft:melon_slice":9,"minecraft:bread":48,"minecraft:brown_wool":1,"minecraft:soul_lantern":1,"minecraft:diamond_sword":388,"minecraft:iron_bars":4,"minecraft:stone_sword":17,"minecraft:cooked_chicken":2,"simpletomb:grave_key":50,"simplyswords:gold_claymore":2,"simplyswords:iron_katana":47,"minecraft:wooden_axe":45,"minecraft:iron_axe":23,"minecraft:barrel":1,"minecraft:beef":1,"comforts:sleeping_bag_white":3,"minecraft:cooked_beef":3,"minecraft:light_gray_bed":3,"minecraft:cobblestone_stairs":1,"regions_unexplored:peat_dirt":81,"valhelsia_structures:gray_sleeping_bag":3,"minecraft:mossy_cobblestone":6,"minecraft:crafting_table":1,"minecraft:white_bed":15,"minecraft:cake":1,"minecraft:diamond_pickaxe":17,"minecraft:apple":52,"minecraft:iron_pickaxe":45,"minecraft:stone_axe":25,"minecraft:cobblestone":20,"minecraft:potion":1,"travelersbackpack:standard":16,"minecraft:cooked_porkchop":6,"minecraft:pumpkin_pie":9,"alexsmobs:animal_dictionary":5}},"DataVersion":3465}