{"stats":{"minecraft:broken":{"minecraft:shield":1,"minecraft:stone_axe":1,"minecraft:wooden_axe":1},"minecraft:custom":{"minecraft:mob_kills":41,"minecraft:interact_with_crafting_table":37,"minecraft:open_barrel":21,"minecraft:bell_ring":2,"minecraft:eat_cake_slice":9,"minecraft:leave_game":4,"minecraft:time_since_death":22981,"minecraft:climb_one_cm":73925,"minecraft:sprint_one_cm":1339411,"minecraft:walk_one_cm":2203793,"minecraft:damage_blocked_by_shield":3100,"minecraft:drop":84,"minecraft:damage_dealt_absorbed":10,"minecraft:talked_to_villager":5,"minecraft:play_time":242735,"minecraft:deaths":15,"minecraft:sneak_time":751,"minecraft:walk_under_water_one_cm":12124,"minecraft:jump":965,"minecraft:interact_with_blast_furnace":1,"minecraft:walk_on_water_one_cm":12319,"minecraft:total_world_time":242735,"minecraft:interact_with_furnace":16,"minecraft:sleep_in_bed":8,"minecraft:time_since_rest":23019,"minecraft:waystone_activated":2,"minecraft:damage_taken":5673,"minecraft:damage_dealt":8066,"minecraft:swim_one_cm":25770,"minecraft:fly_one_cm":115255,"minecraft:open_chest":51,"minecraft:crouch_one_cm":8686,"minecraft:fall_one_cm":11626,"minecraft:inspect_dispenser":1},"minecraft:crafted":{"regions_unexplored:blackwood_planks":36,"minecraft:raw_iron":27,"simplyswords:iron_katana":2,"comforts:sleeping_bag_white":2,"minecraft:glass":27,"minecraft:iron_boots":2,"minecraft:iron_axe":1,"minecraft:stone_pickaxe":1,"minecraft:wheat":756,"minecraft:crafting_table":1,"minecraft:spruce_planks":12,"travelersbackpack:backpack_tank":4,"minecraft:wooden_pickaxe":1,"minecraft:iron_helmet":2,"travelersbackpack:standard":2,"minecraft:iron_sword":1,"minecraft:bread":64,"minecraft:iron_chestplate":1,"minecraft:gold_nugget":9,"minecraft:shield":3,"minecraft:stick":16,"minecraft:iron_ingot":32,"minecraft:stone_sword":1,"minecraft:iron_leggings":2},"minecraft:killed":{"minecraft:skeleton":22,"minecraft:horse":1,"minecraft:zombie":12,"minecraft:cow":2},"minecraft:dropped":{"minecraft:porkchop":2,"minecraft:wheat_seeds":1,"simpletomb:grave_key":5,"minecraft:iron_helmet":2,"simplyswords:diamond_halberd":1,"valhelsia_structures:doused_torch":1,"travelersbackpack:standard":1,"minecraft:coal":20,"minecraft:stick":1,"minecraft:gray_wool":2,"minecraft:dark_oak_trapdoor":1,"regions_unexplored:redwood_log":2,"minecraft:stripped_dark_oak_wood":1,"minecraft:potion":1,"minecraft:iron_leggings":2,"regions_unexplored:blackwood_planks":9,"minecraft:pumpkin":4,"simplyswords:gold_chakram":1,"minecraft:glistering_melon_slice":9,"minecraft:gray_carpet":1,"minecraft:string":2,"minecraft:stone_brick_slab":2,"minecraft:dandelion":1,"minecraft:bone":10,"simplyswords:iron_katana":1,"minecraft:dark_oak_sign":22,"minecraft:chiseled_quartz_block":2,"minecraft:stone_sword":1,"minecraft:bowl":1,"minecraft:wheat":127,"minecraft:rotten_flesh":20,"regions_unexplored:clover":59,"minecraft:light_gray_wool":1,"minecraft:iron_boots":2,"regions_unexplored:redwood_planks":1,"minecraft:light_gray_concrete":2,"regions_unexplored:peat_dirt":7,"minecraft:turtle_helmet":6,"minecraft:shield":1,"minecraft:spruce_planks":6,"minecraft:iron_chestplate":1,"minecraft:ladder":1,"comforts:sleeping_bag_white":3,"minecraft:arrow":28,"minecraft:stone_pickaxe":2,"minecraft:beef":3},"minecraft:picked_up":{"minecraft:wooden_axe":1,"minecraft:iron_chestplate":1,"minecraft:redstone_block":1,"minecraft:ladder":3,"minecraft:anvil":4,"minecraft:turtle_helmet":5,"minecraft:wooden_pickaxe":1,"minecraft:oak_stairs":3,"minecraft:potion":1,"minecraft:shield":1,"aether:leather_gloves":1,"minecraft:dark_oak_trapdoor":1,"valhelsia_furniture:red_curtain":2,"minecraft:string":6,"minecraft:iron_leggings":1,"minecraft:iron_shovel":1,"comforts:sleeping_bag_white":4,"minecraft:spruce_planks":14,"valhelsia_structures:doused_torch":3,"minecraft:light_gray_wool":1,"regions_unexplored:redwood_planks":18,"minecraft:melon_slice":18,"minecraft:chest":2,"regions_unexplored:blackwood_log":9,"minecraft:spruce_trapdoor":1,"regions_unexplored:redwood_log":2,"minecraft:iron_boots":1,"regions_unexplored:blackwood_planks":11,"minecraft:stick":5,"minecraft:raw_iron":4,"minecraft:torch":2,"minecraft:spruce_stairs":23,"epicfight:skillbook":4,"minecraft:carrot":22,"minecraft:iron_horse_armor":1,"minecraft:stone_sword":1,"minecraft:arrow":28,"minecraft:light_gray_bed":4,"minecraft:rotten_flesh":38,"minecraft:hay_block":112,"minecraft:stripped_dark_oak_wood":1,"minecraft:iron_bars":1,"minecraft:glistering_melon_slice":12,"minecraft:gold_ingot":2,"regions_unexplored:purple_lupine":1,"minecraft:cobblestone":4,"minecraft:mutton":2,"minecraft:white_wool":6,"simplyswords:iron_katana":1,"regions_unexplored:peat_dirt":88,"minecraft:cooked_beef":3,"minecraft:leather":10,"minecraft:chiseled_quartz_block":2,"travelersbackpack:red_sleeping_bag":2,"minecraft:potato":24,"minecraft:birch_planks":12,"paraglider:spirit_orb":14,"simplyswords:gold_chakram":2,"minecraft:oak_log":16,"simpletomb:grave_key":3,"minecraft:dirt":3,"minecraft:bone":35,"minecraft:glass":3,"minecraft:apple":10,"minecraft:gray_carpet":1,"minecraft:wheat_seeds":2,"minecraft:iron_ingot":31,"minecraft:stone_pickaxe":2,"minecraft:cooked_chicken":3,"minecraft:dark_oak_sign":24,"minecraft:cyan_candle":3,"minecraft:dark_oak_stairs":3,"minecraft:polished_andesite_stairs":1,"minecraft:oak_slab":18,"minecraft:cooked_porkchop":6,"minecraft:pumpkin":6,"patchouli:guide_book":1,"minecraft:stone_brick_slab":4,"minecraft:dandelion":1,"minecraft:raw_iron_block":3,"minecraft:stripped_spruce_log":3,"regions_unexplored:pink_lupine":1,"alexsmobs:animal_dictionary":1,"travelersbackpack:standard":1,"minecraft:light_gray_concrete":2,"minecraft:stone_axe":2,"regions_unexplored:blackwood_sapling":4,"minecraft:soul_lantern":6,"regions_unexplored:clover":59,"minecraft:iron_helmet":1,"minecraft:painting":1,"minecraft:golden_apple":1,"minecraft:gray_wool":2,"minecraft:bread":8,"simplyswords:gold_claymore":1,"minecraft:coal":4},"minecraft:killed_by":{"minecraft:player":4,"minecraft:creeper":2,"minecraft:skeleton":6,"creeperoverhaul:spruce_creeper":1},"minecraft:mined":{"minecraft:spruce_planks":9,"regions_unexplored:blue_lupine":1,"minecraft:spruce_trapdoor":1,"minecraft:ladder":2,"minecraft:grass_block":1,"minecraft:light_gray_bed":3,"minecraft:spawner":7,"minecraft:large_fern":1,"minecraft:hay_block":84,"minecraft:raw_iron_block":3,"valhelsia_furniture:red_curtain":2,"minecraft:iron_ore":2,"minecraft:stripped_spruce_log":3,"minecraft:pumpkin":2,"minecraft:anvil":2,"minecraft:dark_oak_stairs":3,"minecraft:iron_bars":1,"minecraft:oak_stairs":4,"minecraft:light_gray_concrete":1,"regions_unexplored:medium_grass":1,"minecraft:stone":5,"minecraft:cake":1,"minecraft:spruce_slab":1,"valhelsia_structures:doused_wall_torch":1,"minecraft:tripwire":1,"minecraft:oak_slab":20,"minecraft:lily_of_the_valley":1,"minecraft:stone_brick_slab":2,"travelersbackpack:standard":1,"minecraft:soul_lantern":6,"minecraft:chiseled_quartz_block":1,"minecraft:calcite":3,"minecraft:melon":2,"minecraft:chest":2,"regions_unexplored:blackwood_log":9,"minecraft:glass":3,"minecraft:tall_grass":2,"minecraft:wall_torch":1,"minecraft:spruce_stairs":34,"valhelsia_furniture:open_red_curtain":2,"regions_unexplored:redwood_leaves":24,"minecraft:stone_brick_stairs":1,"minecraft:grass":3,"minecraft:oak_log":9,"minecraft:coal_ore":4,"regions_unexplored:peat_dirt":68,"minecraft:gray_carpet":1,"regions_unexplored:clover":1,"minecraft:cobweb":2,"regions_unexplored:blackwood_leaves":99,"minecraft:fern":2},"minecraft:used":{"regions_unexplored:pink_lupine":1,"minecraft:beetroot":7,"minecraft:iron_bars":1,"minecraft:stone_sword":17,"minecraft:ladder":2,"minecraft:shield":66,"minecraft:iron_sword":2,"minecraft:rotten_flesh":12,"simpletomb:grave_key":39,"minecraft:carrot":36,"minecraft:glass":3,"regions_unexplored:purple_lupine":1,"minecraft:wooden_axe":45,"minecraft:rabbit_stew":2,"minecraft:light_gray_bed":3,"comforts:sleeping_bag_white":3,"minecraft:cooked_beef":3,"minecraft:potato":9,"simplyswords:gold_chakram":8,"epicfight:skillbook":4,"minecraft:stone_pickaxe":62,"regions_unexplored:peat_dirt":81,"minecraft:wooden_pickaxe":29,"minecraft:redstone_block":1,"simplyswords:diamond_halberd":2,"minecraft:crafting_table":1,"minecraft:diamond_pickaxe":12,"minecraft:apple":19,"minecraft:bread":4,"minecraft:melon_slice":9,"minecraft:soul_lantern":1,"minecraft:stone_axe":25,"minecraft:diamond_sword":196,"travelersbackpack:standard":9,"minecraft:cooked_porkchop":6,"minecraft:pumpkin_pie":1,"alexsmobs:animal_dictionary":5}},"DataVersion":3465}