{"stats":{"minecraft:custom":{"minecraft:time_since_rest":69236,"minecraft:waystone_activated":1,"minecraft:interact_with_furnace":4,"minecraft:sprint_one_cm":76920,"minecraft:walk_one_cm":303523,"minecraft:mob_kills":9,"minecraft:drop":14,"minecraft:damage_dealt":1328,"minecraft:talked_to_villager":26,"minecraft:damage_dealt_absorbed":573,"minecraft:swim_one_cm":1249,"minecraft:interact_with_crafting_table":1,"minecraft:fly_one_cm":530694,"minecraft:player_kills":4,"minecraft:open_chest":8,"minecraft:crouch_one_cm":11512,"minecraft:play_time":69236,"minecraft:sneak_time":1654,"minecraft:walk_under_water_one_cm":1350,"minecraft:jump":489,"minecraft:leave_game":5,"minecraft:walk_on_water_one_cm":3851,"minecraft:time_since_death":69236,"minecraft:total_world_time":69236},"minecraft:dropped":{"minecraft:dirt":3,"minecraft:chicken":1,"regions_unexplored:clover":1,"minecraft:beef":1,"regions_unexplored:blue_lupine":3,"minecraft:carrot":1,"travelersbackpack:red_sleeping_bag":2,"minecraft:gold_ingot":2},"minecraft:killed":{"minecraft:sheep":1,"guardvillagers:guard":1,"minecraft:zombie":1,"minecraft:chicken":3,"naturalist:butterfly":1,"minecraft:player":3,"minecraft:villager":1,"minecraft:cow":1},"minecraft:picked_up":{"minecraft:feather":2,"minecraft:chicken":2,"minecraft:leather":1,"minecraft:golden_leggings":1,"minecraft:potato":1,"regions_unexplored:blue_lupine":3,"minecraft:shield":1,"minecraft:dirt":3,"minecraft:rotten_flesh":4,"regions_unexplored:clover":2,"minecraft:beef":2,"minecraft:iron_sword":1},"minecraft:used":{"wom:agony":3,"minecraft:dark_oak_planks":1,"wom:herrscher":2,"wom:tormented_mind":2,"minecraft:iron_sword":1,"wom:ruine":2,"wom:antitheus":12,"minecraft:stripped_dark_oak_log":1,"travelersbackpack:standard":5,"alexsmobs:animal_dictionary":2,"wom:moonless":3}},"DataVersion":3465}