{"stats":{"minecraft:killed":{"minecraft:spider":1,"minecraft:skeleton":5,"alexsmobs:centipede_head":1,"minecraft:husk":1,"minecraft:pig":2,"naturalist:butterfly":1,"minecraft:frog":1,"minecraft:sheep":2,"minecraft:zombie":23,"alexsmobs:terrapin":1,"minecraft:player":1},"minecraft:broken":{"minecraft:shield":1},"minecraft:mined":{"minecraft:spruce_planks":13,"regions_unexplored:blue_lupine":22,"minecraft:deepslate_diamond_ore":2,"regions_unexplored:pink_lupine":18,"minecraft:dark_oak_log":6,"minecraft:grass_block":1,"minecraft:white_stained_glass":1,"minecraft:light_gray_bed":4,"minecraft:spruce_leaves":36,"regions_unexplored:blue_bioshroom":1,"minecraft:spawner":1,"minecraft:large_fern":4,"minecraft:hay_block":2,"epicsamurai:deepslate_jade_ore":1,"minecraft:dark_oak_trapdoor":1,"minecraft:iron_ore":2,"minecraft:cobbled_deepslate":6,"regions_unexplored:purple_lupine":20,"minecraft:deepslate_lapis_ore":2,"minecraft:sculk_shrieker":1,"realmrpg_skeletons:rookie_skeleton":1,"minecraft:deepslate_iron_ore":30,"minecraft:vine":5,"epicsamurai:deepslate_silver_ore":5,"regions_unexplored:medium_grass":35,"minecraft:stripped_mangrove_wood":2,"minecraft:cake":1,"minecraft:deepslate_redstone_ore":7,"regions_unexplored:blackwood_planks":2,"regions_unexplored:red_lupine":3,"valhelsia_structures:blue_glazed_jar":1,"minecraft:crafting_table":5,"minecraft:torch":2,"minecraft:note_block":1,"minecraft:sculk_sensor":1,"regions_unexplored:blackwood_log":4,"minecraft:tall_grass":1,"minecraft:deepslate_gold_ore":3,"minecraft:oak_planks":1,"minecraft:sculk":12,"regions_unexplored:pine_log":3,"minecraft:deepslate_copper_ore":7,"minecraft:light_gray_stained_glass":1,"minecraft:grass":21,"minecraft:mangrove_slab":1,"minecraft:oak_log":6,"minecraft:gravel":4,"minecraft:dirt":1,"minecraft:cobweb":3,"regions_unexplored:clover":92,"minecraft:cyan_candle":1,"minecraft:oak_leaves":19,"minecraft:deepslate":28},"minecraft:picked_up":{"minecraft:crafting_table":5,"minecraft:birch_door":1,"minecraft:ladder":2,"minecraft:enchanted_book":1,"regions_unexplored:blue_bioshroom":1,"minecraft:shield":2,"minecraft:cornflower":1,"minecraft:string":5,"minecraft:dark_oak_trapdoor":8,"minecraft:raw_copper":18,"epicsamurai:jade":1,"minecraft:experience_bottle":9,"regions_unexplored:pine_log":3,"minecraft:cobbled_deepslate":44,"minecraft:spruce_planks":15,"minecraft:player_head":1,"minecraft:calcite":9,"minecraft:iron_pickaxe":1,"regions_unexplored:blackwood_log":4,"minecraft:golden_helmet":1,"minecraft:raw_iron":30,"regions_unexplored:blackwood_planks":2,"minecraft:stick":16,"minecraft:stripped_mangrove_wood":2,"minecraft:birch_trapdoor":1,"minecraft:torch":3,"minecraft:note_block":1,"regions_unexplored:blue_lupine":19,"epicfight:skillbook":3,"minecraft:porkchop":3,"minecraft:golden_axe":1,"minecraft:lightning_rod":2,"minecraft:carrot":2,"minecraft:redstone":27,"minecraft:dark_oak_planks":4,"minecraft:rotten_flesh":94,"minecraft:arrow":25,"minecraft:light_gray_bed":3,"minecraft:pumpkin_pie":5,"minecraft:hay_block":2,"regions_unexplored:purple_lupine":20,"minecraft:waxed_cut_copper":1,"minecraft:mutton":2,"minecraft:rail":3,"minecraft:white_wool":5,"paraglider:paraglider":1,"regions_unexplored:peat_dirt":3,"minecraft:feather":1,"minecraft:cooked_beef":10,"minecraft:potato":1,"paraglider:spirit_orb":6,"minecraft:oak_log":21,"regions_unexplored:red_lupine":1,"minecraft:golden_boots":2,"minecraft:gunpowder":4,"simpletomb:grave_key":3,"minecraft:lapis_lazuli":8,"minecraft:mangrove_slab":1,"minecraft:dirt":32,"minecraft:bone":32,"minecraft:wheat_seeds":5,"minecraft:raw_gold":3,"minecraft:cyan_candle":3,"minecraft:oak_planks":44,"epicsamurai:raw_silver":5,"minecraft:iron_sword":2,"minecraft:flowering_azalea":2,"minecraft:cooked_porkchop":2,"minecraft:gravel":2,"minecraft:spruce_sapling":8,"minecraft:cyan_bed":1,"minecraft:dark_oak_log":6,"regions_unexplored:pink_lupine":14,"minecraft:spider_eye":3,"minecraft:diamond":2,"minecraft:iron_helmet":1,"regions_unexplored:clover":294,"minecraft:chainmail_helmet":1,"minecraft:oak_sapling":4},"minecraft:dropped":{"minecraft:bread":1,"minecraft:golden_boots":1,"minecraft:iron_ingot":37,"minecraft:iron_sword":1,"simpletomb:grave_key":1,"minecraft:rail":1,"minecraft:mushroom_stew":1,"paraglider:spirit_orb":2,"minecraft:dirt":1,"minecraft:dark_oak_log":4,"minecraft:dark_oak_trapdoor":8,"minecraft:flowering_azalea":2,"minecraft:white_wool":4,"minecraft:spruce_sapling":8,"minecraft:gravel":2,"regions_unexplored:pine_log":3,"minecraft:birch_sapling":1,"minecraft:rotten_flesh":49,"regions_unexplored:clover":4,"minecraft:lightning_rod":2,"minecraft:birch_trapdoor":1,"minecraft:spruce_planks":2,"minecraft:oak_sapling":4,"minecraft:spider_eye":3,"minecraft:calcite":9,"epicfight:skillbook":1},"minecraft:killed_by":{"minecraft:husk":2,"minecraft:player":4,"minecraft:creeper":1,"minecraft:warden":5,"minecraft:skeleton":10,"minecraft:zombie":1},"minecraft:used":{"minecraft:ladder":2,"minecraft:chest":1,"minecraft:spruce_planks":4,"minecraft:shield":44,"minecraft:iron_sword":83,"minecraft:rotten_flesh":13,"simpletomb:grave_key":49,"minecraft:torch":3,"minecraft:dirt":18,"minecraft:carrot":12,"regions_unexplored:clover":1,"minecraft:dark_oak_planks":12,"simplyswords:diamond_cutlass":93,"minecraft:furnace":1,"minecraft:mangrove_slab":1,"minecraft:cobbled_deepslate":32,"minecraft:cooked_beef":14,"minecraft:potato":1,"minecraft:light_gray_bed":3,"minecraft:golden_axe":11,"epicfight:skillbook":7,"minecraft:stone_pickaxe":7,"minecraft:cyan_candle":1,"minecraft:oak_planks":25,"regions_unexplored:peat_dirt":3,"minecraft:wooden_pickaxe":27,"minecraft:golden_apple":1,"minecraft:stripped_mangrove_wood":2,"minecraft:rail":1,"minecraft:crafting_table":5,"minecraft:note_block":1,"minecraft:apple":19,"minecraft:oak_button":2,"minecraft:iron_pickaxe":80,"regions_unexplored:blackwood_planks":18,"minecraft:cooked_porkchop":2,"minecraft:porkchop":3,"minecraft:pumpkin_pie":5,"alexsmobs:animal_dictionary":4},"minecraft:custom":{"minecraft:mob_kills":42,"minecraft:interact_with_crafting_table":14,"minecraft:open_barrel":5,"minecraft:damage_dealt_resisted":24,"minecraft:eat_cake_slice":15,"minecraft:leave_game":3,"minecraft:time_since_death":708,"minecraft:climb_one_cm":49827,"minecraft:damage_resisted":119,"minecraft:sprint_one_cm":1454502,"minecraft:walk_one_cm":1702556,"minecraft:damage_blocked_by_shield":3035,"minecraft:drop":44,"minecraft:play_noteblock":337,"minecraft:play_time":210827,"minecraft:deaths":23,"minecraft:sneak_time":2283,"minecraft:walk_under_water_one_cm":30809,"minecraft:jump":1724,"minecraft:interact_with_blast_furnace":5,"minecraft:walk_on_water_one_cm":48530,"minecraft:total_world_time":210827,"minecraft:interact_with_furnace":5,"minecraft:tune_noteblock":346,"minecraft:sleep_in_bed":10,"minecraft:time_since_rest":751,"minecraft:damage_taken":8732,"minecraft:damage_absorbed":40,"minecraft:damage_dealt":7930,"minecraft:swim_one_cm":63409,"minecraft:fly_one_cm":293224,"minecraft:player_kills":1,"minecraft:open_chest":13,"minecraft:crouch_one_cm":17515,"minecraft:fall_one_cm":24837},"minecraft:crafted":{"regions_unexplored:blackwood_planks":16,"minecraft:oak_planks":64,"minecraft:furnace":1,"minecraft:iron_boots":1,"minecraft:stone_pickaxe":1,"minecraft:chest":1,"minecraft:oak_button":2,"minecraft:dark_oak_planks":8,"minecraft:cooked_beef":28,"minecraft:crafting_table":1,"minecraft:wooden_pickaxe":1,"minecraft:iron_helmet":1,"minecraft:iron_sword":1,"minecraft:air":0,"minecraft:iron_chestplate":1,"minecraft:iron_leggings":1}},"DataVersion":3465}