{"stats":{"minecraft:broken":{"minecraft:iron_chestplate":1},"minecraft:custom":{"minecraft:mob_kills":91,"minecraft:interact_with_crafting_table":4,"minecraft:open_barrel":12,"minecraft:eat_cake_slice":4,"minecraft:leave_game":1,"minecraft:time_since_death":23521,"minecraft:climb_one_cm":13806,"minecraft:sprint_one_cm":1484276,"minecraft:walk_one_cm":1112566,"minecraft:damage_blocked_by_shield":165,"minecraft:drop":56,"minecraft:damage_dealt_absorbed":48,"minecraft:talked_to_villager":6,"minecraft:play_time":180028,"minecraft:deaths":13,"minecraft:sneak_time":1123,"minecraft:walk_under_water_one_cm":10213,"minecraft:jump":1921,"minecraft:interact_with_blast_furnace":15,"minecraft:walk_on_water_one_cm":20009,"minecraft:total_world_time":180028,"minecraft:interact_with_furnace":27,"minecraft:interact_with_cartography_table":1,"minecraft:tune_noteblock":66,"minecraft:sleep_in_bed":14,"minecraft:time_since_rest":251,"minecraft:waystone_activated":1,"minecraft:damage_taken":4917,"minecraft:damage_absorbed":5053,"minecraft:damage_dealt":19689,"minecraft:player_kills":1,"minecraft:swim_one_cm":37392,"minecraft:fly_one_cm":771817,"minecraft:open_chest":27,"minecraft:crouch_one_cm":5637,"minecraft:interact_with_smoker":1,"minecraft:fall_one_cm":47128},"minecraft:crafted":{"minecraft:oak_planks":20,"minecraft:cooked_chicken":1,"minecraft:cooked_mutton":10,"minecraft:glass":17,"regions_unexplored:magnolia_planks":20,"minecraft:cooked_beef":2,"minecraft:cooked_porkchop":6,"minecraft:air":0,"minecraft:shield":1,"minecraft:stick":12,"minecraft:white_bed":1,"minecraft:torch":64},"minecraft:dropped":{"minecraft:acacia_wood":1,"minecraft:brown_mushroom":14,"minecraft:wheat_seeds":2,"minecraft:lilac":1,"minecraft:feather":1,"minecraft:iron_helmet":1,"minecraft:mushroom_stew":3,"minecraft:gray_wool":1,"minecraft:potion":1,"minecraft:iron_leggings":1,"epicfight:stone_greatsword":1,"minecraft:glistering_melon_slice":2,"minecraft:acacia_planks":2,"minecraft:cyan_carpet":11,"minecraft:armor_stand":2,"minecraft:sweet_berries":1,"minecraft:bowl":2,"aether:golden_gloves":1,"minecraft:wheat":1,"minecraft:beetroot":5,"minecraft:chicken":1,"minecraft:rotten_flesh":24,"minecraft:oak_planks":14,"aether:leather_gloves":1,"regions_unexplored:redwood_planks":1,"minecraft:spruce_fence":1,"minecraft:leather_chestplate":2,"minecraft:potato":55,"regions_unexplored:peat_dirt":1,"minecraft:turtle_helmet":1,"aether:iron_gloves":1,"minecraft:birch_door":1,"minecraft:chainmail_boots":1,"minecraft:leather_leggings":1,"minecraft:spider_eye":3,"minecraft:beef":1,"minecraft:glass":17,"epicfight:skillbook":1},"minecraft:killed":{"minecraft:evoker":2,"spawn:hamster":1,"minecraft:vex":5,"minecraft:spider":9,"minecraft:skeleton":15,"minecraft:chicken":2,"spawn:ant":1,"minecraft:husk":19,"minecraft:pig":5,"minecraft:sheep":7,"minecraft:pillager":2,"minecraft:zombie":19,"naturalist:sparrow":1,"minecraft:cow":1},"minecraft:picked_up":{"minecraft:birch_door":1,"minecraft:iron_chestplate":1,"minecraft:wheat":1,"minecraft:chainmail_boots":1,"minecraft:chicken":2,"minecraft:turtle_helmet":1,"regions_unexplored:magnolia_log":5,"minecraft:leather_leggings":2,"minecraft:brown_mushroom":14,"aether:iron_gloves":1,"minecraft:potion":2,"aether:leather_gloves":1,"minecraft:string":13,"minecraft:iron_axe":1,"minecraft:armor_stand":3,"minecraft:iron_leggings":1,"minecraft:cyan_carpet":11,"minecraft:beetroot":5,"minecraft:spruce_planks":1,"minecraft:beef":3,"regions_unexplored:redwood_planks":1,"minecraft:iron_boots":1,"minecraft:egg":1,"minecraft:stick":4,"minecraft:torch":2,"minecraft:bowl":1,"minecraft:spruce_fence":1,"regions_unexplored:blue_lupine":1,"epicfight:skillbook":3,"minecraft:porkchop":9,"minecraft:arrow":22,"minecraft:honey_bottle":1,"minecraft:rotten_flesh":24,"minecraft:pumpkin_pie":12,"minecraft:totem_of_undying":1,"minecraft:glistering_melon_slice":2,"regions_unexplored:purple_lupine":1,"minecraft:mutton":12,"minecraft:white_wool":5,"paraglider:paraglider":1,"regions_unexplored:peat_dirt":1,"simplyswords:iron_katana":1,"minecraft:leather_chestplate":2,"minecraft:feather":2,"minecraft:lilac":1,"minecraft:acacia_wood":1,"minecraft:potato":124,"minecraft:mushroom_stew":3,"paraglider:spirit_orb":8,"minecraft:oak_log":5,"minecraft:gunpowder":2,"minecraft:glass":1,"minecraft:bone":21,"minecraft:acacia_planks":2,"minecraft:apple":4,"regions_unexplored:magnolia_planks":1,"minecraft:wheat_seeds":2,"minecraft:iron_ingot":1,"minecraft:cooked_chicken":1,"minecraft:cyan_candle":5,"minecraft:diamond_helmet":1,"minecraft:cooked_porkchop":1,"epicfight:stone_greatsword":1,"minecraft:sweet_berries":1,"minecraft:stone_brick_slab":1,"minecraft:white_bed":11,"minecraft:spectral_arrow":1,"regions_unexplored:pink_lupine":1,"minecraft:spider_eye":3,"regions_unexplored:tall_pink_bioshroom":1,"minecraft:iron_helmet":1,"regions_unexplored:clover":10,"minecraft:crossbow":1,"minecraft:golden_apple":1,"minecraft:gray_wool":1,"minecraft:emerald":1,"minecraft:black_wool":1},"minecraft:killed_by":{"minecraft:husk":5,"minecraft:creeper":2,"minecraft:vindicator":1,"minecraft:vex":5},"minecraft:mined":{"regions_unexplored:tall_pink_bioshroom":1,"minecraft:red_carpet":1,"minecraft:spruce_planks":1,"minecraft:white_bed":10,"regions_unexplored:pink_lupine":1,"regions_unexplored:magnolia_log":5,"minecraft:cyan_stained_glass":1,"minecraft:grass_block":1,"minecraft:spruce_fence":1,"minecraft:spawner":2,"minecraft:dark_oak_trapdoor":1,"minecraft:acacia_wood":1,"realmrpg_skeletons:rookie_skeleton":1,"minecraft:potatoes":27,"minecraft:brown_mushroom":5,"minecraft:wall_torch":2,"valhelsia_structures:bone_pile":1,"minecraft:birch_leaves":1,"minecraft:birch_door":1,"minecraft:grass":2,"minecraft:cyan_carpet":1,"minecraft:cobweb":6,"regions_unexplored:clover":2,"regions_unexplored:blackwood_leaves":24,"minecraft:oak_leaves":1,"regions_unexplored:magnolia_planks":1,"minecraft:cyan_candle":2,"minecraft:fern":1},"minecraft:used":{"minecraft:beetroot":3,"minecraft:armor_stand":1,"minecraft:spruce_planks":1,"minecraft:shield":2,"minecraft:cooked_chicken":2,"simpletomb:grave_key":16,"simplyswords:diamond_twinblade":215,"minecraft:torch":40,"simplyswords:iron_katana":160,"minecraft:glass":1,"minecraft:totem_of_undying":1,"epicfight:stone_greatsword":15,"minecraft:egg":1,"minecraft:cooked_beef":2,"minecraft:cooked_mutton":10,"epicfight:skillbook":3,"minecraft:cyan_candle":5,"regions_unexplored:tall_pink_bioshroom":1,"minecraft:mushroom_stew":1,"minecraft:white_bed":12,"regions_unexplored:magnolia_planks":12,"minecraft:cake":1,"minecraft:black_wool":1,"minecraft:apple":3,"minecraft:bread":24,"minecraft:iron_pickaxe":3,"minecraft:cooked_porkchop":6,"minecraft:pumpkin_pie":12,"alexsmobs:animal_dictionary":3}},"DataVersion":3465}